--
-- PostgreSQL database dump
--

-- Dumped from database version 13.6 (Ubuntu 13.6-0ubuntu0.21.10.1)
-- Dumped by pg_dump version 14.5 (Ubuntu 14.5-0ubuntu0.22.04.1)

SET statement_timeout = 0;
SET lock_timeout = 0;
SET idle_in_transaction_session_timeout = 0;
SET client_encoding = 'UTF8';
SET standard_conforming_strings = on;
SET check_function_bodies = false;
SET xmloption = content;
SET client_min_messages = warning;
SET row_security = off;

--
-- Name: change; Type: TYPE; Schema: public; Owner: -
--

CREATE TYPE public.change AS ENUM (
    'nochange',
    'created',
    'purged',
    'updated'
);


--
-- Name: non_deploying_resource_state; Type: TYPE; Schema: public; Owner: -
--

CREATE TYPE public.non_deploying_resource_state AS ENUM (
    'unavailable',
    'skipped',
    'dry',
    'deployed',
    'failed',
    'available',
    'cancelled',
    'undefined',
    'skipped_for_undefined'
);


--
-- Name: notificationseverity; Type: TYPE; Schema: public; Owner: -
--

CREATE TYPE public.notificationseverity AS ENUM (
    'message',
    'info',
    'success',
    'warning',
    'error'
);


--
-- Name: resource_id_version_pair; Type: TYPE; Schema: public; Owner: -
--

CREATE TYPE public.resource_id_version_pair AS (
	resource_id character varying,
	version integer
);


--
-- Name: resourceaction_type; Type: TYPE; Schema: public; Owner: -
--

CREATE TYPE public.resourceaction_type AS ENUM (
    'store',
    'push',
    'pull',
    'deploy',
    'dryrun',
    'getfact',
    'other'
);


--
-- Name: resourcestate; Type: TYPE; Schema: public; Owner: -
--

CREATE TYPE public.resourcestate AS ENUM (
    'unavailable',
    'skipped',
    'dry',
    'deployed',
    'failed',
    'deploying',
    'available',
    'cancelled',
    'undefined',
    'skipped_for_undefined'
);


--
-- Name: versionstate; Type: TYPE; Schema: public; Owner: -
--

CREATE TYPE public.versionstate AS ENUM (
    'success',
    'failed',
    'deploying',
    'pending'
);


SET default_tablespace = '';

--
-- Name: agent; Type: TABLE; Schema: public; Owner: -
--

CREATE TABLE public.agent (
    environment uuid NOT NULL,
    name character varying NOT NULL,
    last_failover timestamp with time zone,
    paused boolean DEFAULT false,
    id_primary uuid,
    unpause_on_resume boolean
);


--
-- Name: agentinstance; Type: TABLE; Schema: public; Owner: -
--

CREATE TABLE public.agentinstance (
    id uuid NOT NULL,
    process uuid NOT NULL,
    name character varying NOT NULL,
    expired timestamp with time zone,
    tid uuid NOT NULL
);


--
-- Name: agentprocess; Type: TABLE; Schema: public; Owner: -
--

CREATE TABLE public.agentprocess (
    hostname character varying NOT NULL,
    environment uuid NOT NULL,
    first_seen timestamp with time zone,
    last_seen timestamp with time zone,
    expired timestamp with time zone,
    sid uuid NOT NULL
);


--
-- Name: code; Type: TABLE; Schema: public; Owner: -
--

CREATE TABLE public.code (
    environment uuid NOT NULL,
    resource character varying NOT NULL,
    version integer NOT NULL,
    source_refs jsonb
);


--
-- Name: compile; Type: TABLE; Schema: public; Owner: -
--

CREATE TABLE public.compile (
    id uuid NOT NULL,
    environment uuid NOT NULL,
    started timestamp with time zone,
    completed timestamp with time zone,
    requested timestamp with time zone,
    metadata jsonb,
    environment_variables jsonb,
    do_export boolean,
    force_update boolean,
    success boolean,
    version integer,
    remote_id uuid,
    handled boolean,
    substitute_compile_id uuid,
    compile_data jsonb,
    partial boolean DEFAULT false,
    removed_resource_sets character varying[] DEFAULT ARRAY[]::character varying[],
    notify_failed_compile boolean,
    failed_compile_message character varying,
    exporter_plugin character varying
);


--
-- Name: configurationmodel; Type: TABLE; Schema: public; Owner: -
--

CREATE TABLE public.configurationmodel (
    version integer NOT NULL,
    environment uuid NOT NULL,
    date timestamp with time zone,
    released boolean DEFAULT false,
    deployed boolean DEFAULT false,
    result public.versionstate DEFAULT 'pending'::public.versionstate,
    version_info jsonb,
    total integer DEFAULT 0,
    undeployable character varying[],
    skipped_for_undeployable character varying[],
    partial_base integer
);


--
-- Name: dryrun; Type: TABLE; Schema: public; Owner: -
--

CREATE TABLE public.dryrun (
    id uuid NOT NULL,
    environment uuid NOT NULL,
    model integer NOT NULL,
    date timestamp with time zone,
    total integer DEFAULT 0,
    todo integer DEFAULT 0,
    resources jsonb DEFAULT '{}'::jsonb
);


--
-- Name: environment; Type: TABLE; Schema: public; Owner: -
--

CREATE TABLE public.environment (
    id uuid NOT NULL,
    name character varying NOT NULL,
    project uuid NOT NULL,
    repo_url character varying DEFAULT ''::character varying,
    repo_branch character varying DEFAULT ''::character varying,
    settings jsonb DEFAULT '{}'::jsonb,
    last_version integer DEFAULT 0,
    halted boolean DEFAULT false NOT NULL,
    description character varying(255) DEFAULT ''::character varying,
    icon character varying(65535) DEFAULT ''::character varying
);


--
-- Name: environmentmetricsgauge; Type: TABLE; Schema: public; Owner: -
--

CREATE TABLE public.environmentmetricsgauge (
    environment uuid NOT NULL,
    metric_name character varying NOT NULL,
    "timestamp" timestamp without time zone NOT NULL,
    count integer NOT NULL,
    grouped_by text DEFAULT 'None'::text NOT NULL
);


--
-- Name: environmentmetricstimer; Type: TABLE; Schema: public; Owner: -
--

CREATE TABLE public.environmentmetricstimer (
    environment uuid NOT NULL,
    metric_name character varying NOT NULL,
    "timestamp" timestamp without time zone NOT NULL,
    count integer NOT NULL,
    value double precision NOT NULL,
    grouped_by text DEFAULT 'None'::text NOT NULL
);


--
-- Name: notification; Type: TABLE; Schema: public; Owner: -
--

CREATE TABLE public.notification (
    id uuid NOT NULL,
    environment uuid NOT NULL,
    created timestamp with time zone NOT NULL,
    title character varying NOT NULL,
    message character varying NOT NULL,
    severity public.notificationseverity DEFAULT 'message'::public.notificationseverity,
    uri character varying NOT NULL,
    read boolean DEFAULT false NOT NULL,
    cleared boolean DEFAULT false NOT NULL
);


--
-- Name: parameter; Type: TABLE; Schema: public; Owner: -
--

CREATE TABLE public.parameter (
    id uuid NOT NULL,
    name character varying NOT NULL,
    value character varying DEFAULT ''::character varying NOT NULL,
    environment uuid NOT NULL,
    resource_id character varying DEFAULT ''::character varying,
    source character varying NOT NULL,
    updated timestamp with time zone,
    metadata jsonb
);


--
-- Name: project; Type: TABLE; Schema: public; Owner: -
--

CREATE TABLE public.project (
    id uuid NOT NULL,
    name character varying NOT NULL
);


--
-- Name: report; Type: TABLE; Schema: public; Owner: -
--

CREATE TABLE public.report (
    id uuid NOT NULL,
    started timestamp with time zone NOT NULL,
    completed timestamp with time zone,
    command character varying NOT NULL,
    name character varying NOT NULL,
    errstream character varying DEFAULT ''::character varying,
    outstream character varying DEFAULT ''::character varying,
    returncode integer,
    compile uuid NOT NULL
);


--
-- Name: resource; Type: TABLE; Schema: public; Owner: -
--

CREATE TABLE public.resource (
    environment uuid NOT NULL,
    model integer NOT NULL,
    resource_id character varying NOT NULL,
    agent character varying NOT NULL,
    last_deploy timestamp with time zone,
    attributes jsonb,
    attribute_hash character varying,
    status public.resourcestate DEFAULT 'available'::public.resourcestate,
    provides character varying[] DEFAULT ARRAY[]::character varying[],
    resource_type character varying NOT NULL,
    resource_id_value character varying NOT NULL,
    last_non_deploying_status public.non_deploying_resource_state DEFAULT 'available'::public.non_deploying_resource_state NOT NULL,
    resource_set character varying
);


--
-- Name: resourceaction; Type: TABLE; Schema: public; Owner: -
--

CREATE TABLE public.resourceaction (
    action_id uuid NOT NULL,
    action public.resourceaction_type NOT NULL,
    started timestamp with time zone NOT NULL,
    finished timestamp with time zone,
    messages jsonb[],
    status public.resourcestate DEFAULT 'available'::public.resourcestate,
    changes jsonb DEFAULT '{}'::jsonb,
    change public.change,
    environment uuid NOT NULL,
    version integer NOT NULL,
    resource_version_ids character varying[] NOT NULL
);


--
-- Name: resourceaction_resource; Type: TABLE; Schema: public; Owner: -
--

CREATE TABLE public.resourceaction_resource (
    environment uuid NOT NULL,
    resource_action_id uuid NOT NULL,
    resource_id character varying NOT NULL,
    resource_version integer NOT NULL
);


--
-- Name: schemamanager; Type: TABLE; Schema: public; Owner: -
--

CREATE TABLE public.schemamanager (
    name character varying NOT NULL,
    legacy_version integer,
    installed_versions integer[]
);


--
-- Name: unknownparameter; Type: TABLE; Schema: public; Owner: -
--

CREATE TABLE public.unknownparameter (
    id uuid NOT NULL,
    name character varying NOT NULL,
    environment uuid NOT NULL,
    source character varying NOT NULL,
    resource_id character varying DEFAULT ''::character varying,
    version integer NOT NULL,
    metadata jsonb,
    resolved boolean DEFAULT false
);


--
-- Data for Name: agent; Type: TABLE DATA; Schema: public; Owner: -
--

COPY public.agent (environment, name, last_failover, paused, id_primary, unpause_on_resume) FROM stdin;
21bd846a-5adc-4836-a59e-91f2155e5bf1	internal	2023-01-10 13:37:46.126558+01	f	9662472c-109b-415c-b978-a7b0b0a139f2	\N
21bd846a-5adc-4836-a59e-91f2155e5bf1	localhost	2023-01-10 13:37:49.670417+01	f	88018053-fa67-43d5-ac3d-3931ab8e3724	\N
\.


--
-- Data for Name: agentinstance; Type: TABLE DATA; Schema: public; Owner: -
--

COPY public.agentinstance (id, process, name, expired, tid) FROM stdin;
9662472c-109b-415c-b978-a7b0b0a139f2	95a6228e-90e3-11ed-8e2a-3dbae9b51e9e	internal	\N	21bd846a-5adc-4836-a59e-91f2155e5bf1
88018053-fa67-43d5-ac3d-3931ab8e3724	95a6228e-90e3-11ed-8e2a-3dbae9b51e9e	localhost	\N	21bd846a-5adc-4836-a59e-91f2155e5bf1
\.


--
-- Data for Name: agentprocess; Type: TABLE DATA; Schema: public; Owner: -
--

COPY public.agentprocess (hostname, environment, first_seen, last_seen, expired, sid) FROM stdin;
florent-Latitude-5421	21bd846a-5adc-4836-a59e-91f2155e5bf1	2023-01-10 13:37:46.126558+01	2023-01-10 13:38:02.184752+01	\N	95a6228e-90e3-11ed-8e2a-3dbae9b51e9e
\.


--
-- Data for Name: code; Type: TABLE DATA; Schema: public; Owner: -
--

COPY public.code (environment, resource, version, source_refs) FROM stdin;
21bd846a-5adc-4836-a59e-91f2155e5bf1	std::Service	1	{"5309d4b5db445e9c423dc60125f5b50b2926239e": ["/home/florent/.virtualenvs/inmanta-core-new/lib/python3.9/site-packages/inmanta_plugins/std/__init__.py", "inmanta_plugins.std", ["Jinja2~=3.1", "email_validator~=1.3", "pydantic~=1.10", "dataclasses~=0.7;python_version<'3.7'"]], "9d0d5cd7c8331a5e3a20ae9c68979cafde658d21": ["/home/florent/.virtualenvs/inmanta-core-new/lib/python3.9/site-packages/inmanta_plugins/std/resources.py", "inmanta_plugins.std.resources", ["Jinja2~=3.1", "email_validator~=1.3", "pydantic~=1.10", "dataclasses~=0.7;python_version<'3.7'"]]}
21bd846a-5adc-4836-a59e-91f2155e5bf1	std::File	1	{"5309d4b5db445e9c423dc60125f5b50b2926239e": ["/home/florent/.virtualenvs/inmanta-core-new/lib/python3.9/site-packages/inmanta_plugins/std/__init__.py", "inmanta_plugins.std", ["Jinja2~=3.1", "email_validator~=1.3", "pydantic~=1.10", "dataclasses~=0.7;python_version<'3.7'"]], "9d0d5cd7c8331a5e3a20ae9c68979cafde658d21": ["/home/florent/.virtualenvs/inmanta-core-new/lib/python3.9/site-packages/inmanta_plugins/std/resources.py", "inmanta_plugins.std.resources", ["Jinja2~=3.1", "email_validator~=1.3", "pydantic~=1.10", "dataclasses~=0.7;python_version<'3.7'"]]}
21bd846a-5adc-4836-a59e-91f2155e5bf1	std::Directory	1	{"5309d4b5db445e9c423dc60125f5b50b2926239e": ["/home/florent/.virtualenvs/inmanta-core-new/lib/python3.9/site-packages/inmanta_plugins/std/__init__.py", "inmanta_plugins.std", ["Jinja2~=3.1", "email_validator~=1.3", "pydantic~=1.10", "dataclasses~=0.7;python_version<'3.7'"]], "9d0d5cd7c8331a5e3a20ae9c68979cafde658d21": ["/home/florent/.virtualenvs/inmanta-core-new/lib/python3.9/site-packages/inmanta_plugins/std/resources.py", "inmanta_plugins.std.resources", ["Jinja2~=3.1", "email_validator~=1.3", "pydantic~=1.10", "dataclasses~=0.7;python_version<'3.7'"]]}
21bd846a-5adc-4836-a59e-91f2155e5bf1	std::Package	1	{"5309d4b5db445e9c423dc60125f5b50b2926239e": ["/home/florent/.virtualenvs/inmanta-core-new/lib/python3.9/site-packages/inmanta_plugins/std/__init__.py", "inmanta_plugins.std", ["Jinja2~=3.1", "email_validator~=1.3", "pydantic~=1.10", "dataclasses~=0.7;python_version<'3.7'"]], "9d0d5cd7c8331a5e3a20ae9c68979cafde658d21": ["/home/florent/.virtualenvs/inmanta-core-new/lib/python3.9/site-packages/inmanta_plugins/std/resources.py", "inmanta_plugins.std.resources", ["Jinja2~=3.1", "email_validator~=1.3", "pydantic~=1.10", "dataclasses~=0.7;python_version<'3.7'"]]}
21bd846a-5adc-4836-a59e-91f2155e5bf1	std::Symlink	1	{"5309d4b5db445e9c423dc60125f5b50b2926239e": ["/home/florent/.virtualenvs/inmanta-core-new/lib/python3.9/site-packages/inmanta_plugins/std/__init__.py", "inmanta_plugins.std", ["Jinja2~=3.1", "email_validator~=1.3", "pydantic~=1.10", "dataclasses~=0.7;python_version<'3.7'"]], "9d0d5cd7c8331a5e3a20ae9c68979cafde658d21": ["/home/florent/.virtualenvs/inmanta-core-new/lib/python3.9/site-packages/inmanta_plugins/std/resources.py", "inmanta_plugins.std.resources", ["Jinja2~=3.1", "email_validator~=1.3", "pydantic~=1.10", "dataclasses~=0.7;python_version<'3.7'"]]}
21bd846a-5adc-4836-a59e-91f2155e5bf1	std::AgentConfig	1	{"5309d4b5db445e9c423dc60125f5b50b2926239e": ["/home/florent/.virtualenvs/inmanta-core-new/lib/python3.9/site-packages/inmanta_plugins/std/__init__.py", "inmanta_plugins.std", ["Jinja2~=3.1", "email_validator~=1.3", "pydantic~=1.10", "dataclasses~=0.7;python_version<'3.7'"]], "9d0d5cd7c8331a5e3a20ae9c68979cafde658d21": ["/home/florent/.virtualenvs/inmanta-core-new/lib/python3.9/site-packages/inmanta_plugins/std/resources.py", "inmanta_plugins.std.resources", ["Jinja2~=3.1", "email_validator~=1.3", "pydantic~=1.10", "dataclasses~=0.7;python_version<'3.7'"]]}
21bd846a-5adc-4836-a59e-91f2155e5bf1	std::Service	2	{"5309d4b5db445e9c423dc60125f5b50b2926239e": ["/home/florent/.virtualenvs/inmanta-core-new/lib/python3.9/site-packages/inmanta_plugins/std/__init__.py", "inmanta_plugins.std", ["Jinja2~=3.1", "email_validator~=1.3", "pydantic~=1.10", "dataclasses~=0.7;python_version<'3.7'"]], "9d0d5cd7c8331a5e3a20ae9c68979cafde658d21": ["/home/florent/.virtualenvs/inmanta-core-new/lib/python3.9/site-packages/inmanta_plugins/std/resources.py", "inmanta_plugins.std.resources", ["Jinja2~=3.1", "email_validator~=1.3", "pydantic~=1.10", "dataclasses~=0.7;python_version<'3.7'"]]}
21bd846a-5adc-4836-a59e-91f2155e5bf1	std::File	2	{"5309d4b5db445e9c423dc60125f5b50b2926239e": ["/home/florent/.virtualenvs/inmanta-core-new/lib/python3.9/site-packages/inmanta_plugins/std/__init__.py", "inmanta_plugins.std", ["Jinja2~=3.1", "email_validator~=1.3", "pydantic~=1.10", "dataclasses~=0.7;python_version<'3.7'"]], "9d0d5cd7c8331a5e3a20ae9c68979cafde658d21": ["/home/florent/.virtualenvs/inmanta-core-new/lib/python3.9/site-packages/inmanta_plugins/std/resources.py", "inmanta_plugins.std.resources", ["Jinja2~=3.1", "email_validator~=1.3", "pydantic~=1.10", "dataclasses~=0.7;python_version<'3.7'"]]}
21bd846a-5adc-4836-a59e-91f2155e5bf1	std::Directory	2	{"5309d4b5db445e9c423dc60125f5b50b2926239e": ["/home/florent/.virtualenvs/inmanta-core-new/lib/python3.9/site-packages/inmanta_plugins/std/__init__.py", "inmanta_plugins.std", ["Jinja2~=3.1", "email_validator~=1.3", "pydantic~=1.10", "dataclasses~=0.7;python_version<'3.7'"]], "9d0d5cd7c8331a5e3a20ae9c68979cafde658d21": ["/home/florent/.virtualenvs/inmanta-core-new/lib/python3.9/site-packages/inmanta_plugins/std/resources.py", "inmanta_plugins.std.resources", ["Jinja2~=3.1", "email_validator~=1.3", "pydantic~=1.10", "dataclasses~=0.7;python_version<'3.7'"]]}
21bd846a-5adc-4836-a59e-91f2155e5bf1	std::Package	2	{"5309d4b5db445e9c423dc60125f5b50b2926239e": ["/home/florent/.virtualenvs/inmanta-core-new/lib/python3.9/site-packages/inmanta_plugins/std/__init__.py", "inmanta_plugins.std", ["Jinja2~=3.1", "email_validator~=1.3", "pydantic~=1.10", "dataclasses~=0.7;python_version<'3.7'"]], "9d0d5cd7c8331a5e3a20ae9c68979cafde658d21": ["/home/florent/.virtualenvs/inmanta-core-new/lib/python3.9/site-packages/inmanta_plugins/std/resources.py", "inmanta_plugins.std.resources", ["Jinja2~=3.1", "email_validator~=1.3", "pydantic~=1.10", "dataclasses~=0.7;python_version<'3.7'"]]}
21bd846a-5adc-4836-a59e-91f2155e5bf1	std::Symlink	2	{"5309d4b5db445e9c423dc60125f5b50b2926239e": ["/home/florent/.virtualenvs/inmanta-core-new/lib/python3.9/site-packages/inmanta_plugins/std/__init__.py", "inmanta_plugins.std", ["Jinja2~=3.1", "email_validator~=1.3", "pydantic~=1.10", "dataclasses~=0.7;python_version<'3.7'"]], "9d0d5cd7c8331a5e3a20ae9c68979cafde658d21": ["/home/florent/.virtualenvs/inmanta-core-new/lib/python3.9/site-packages/inmanta_plugins/std/resources.py", "inmanta_plugins.std.resources", ["Jinja2~=3.1", "email_validator~=1.3", "pydantic~=1.10", "dataclasses~=0.7;python_version<'3.7'"]]}
21bd846a-5adc-4836-a59e-91f2155e5bf1	std::AgentConfig	2	{"5309d4b5db445e9c423dc60125f5b50b2926239e": ["/home/florent/.virtualenvs/inmanta-core-new/lib/python3.9/site-packages/inmanta_plugins/std/__init__.py", "inmanta_plugins.std", ["Jinja2~=3.1", "email_validator~=1.3", "pydantic~=1.10", "dataclasses~=0.7;python_version<'3.7'"]], "9d0d5cd7c8331a5e3a20ae9c68979cafde658d21": ["/home/florent/.virtualenvs/inmanta-core-new/lib/python3.9/site-packages/inmanta_plugins/std/resources.py", "inmanta_plugins.std.resources", ["Jinja2~=3.1", "email_validator~=1.3", "pydantic~=1.10", "dataclasses~=0.7;python_version<'3.7'"]]}
\.


--
-- Data for Name: compile; Type: TABLE DATA; Schema: public; Owner: -
--

COPY public.compile (id, environment, started, completed, requested, metadata, environment_variables, do_export, force_update, success, version, remote_id, handled, substitute_compile_id, compile_data, partial, removed_resource_sets, notify_failed_compile, failed_compile_message, exporter_plugin) FROM stdin;
a166a048-f0ee-460e-bf82-2dcfa2248ba1	21bd846a-5adc-4836-a59e-91f2155e5bf1	2023-01-10 13:37:31.889959+01	2023-01-10 13:37:46.230254+01	2023-01-10 13:37:31.833396+01	{"type": "api", "message": "Recompile trigger through API call"}	{}	t	t	t	1	ccf8eaa1-66c2-4cbe-b058-4587aca57871	t	\N	{"errors": []}	f	{}	\N	\N	\N
fb7b01cd-9275-4f79-8557-42e8fdf00f8c	21bd846a-5adc-4836-a59e-91f2155e5bf1	2023-01-10 13:37:51.375453+01	2023-01-10 13:38:02.137521+01	2023-01-10 13:37:51.370412+01	{"type": "api", "message": "Recompile trigger through API call"}	{}	t	t	t	2	d06d1fb0-f0d3-4399-ae7f-7a40e3d0a758	t	\N	{"errors": []}	f	{}	\N	\N	\N
\.


--
-- Data for Name: configurationmodel; Type: TABLE DATA; Schema: public; Owner: -
--

COPY public.configurationmodel (version, environment, date, released, deployed, result, version_info, total, undeployable, skipped_for_undeployable, partial_base) FROM stdin;
1	21bd846a-5adc-4836-a59e-91f2155e5bf1	2023-01-10 13:37:44.605518+01	t	t	failed	{"export_metadata": {"type": "api", "message": "Recompile trigger through API call", "cli-user": "florent", "hostname": "florent-Latitude-5421", "inmanta:compile:state": "success"}}	2	{}	{}	\N
2	21bd846a-5adc-4836-a59e-91f2155e5bf1	2023-01-10 13:38:02.055746+01	t	t	failed	{"export_metadata": {"type": "api", "message": "Recompile trigger through API call", "cli-user": "florent", "hostname": "florent-Latitude-5421", "inmanta:compile:state": "success"}}	2	{}	{}	\N
\.


--
-- Data for Name: dryrun; Type: TABLE DATA; Schema: public; Owner: -
--

COPY public.dryrun (id, environment, model, date, total, todo, resources) FROM stdin;
\.


--
-- Data for Name: environment; Type: TABLE DATA; Schema: public; Owner: -
--

COPY public.environment (id, name, project, repo_url, repo_branch, settings, last_version, halted, description, icon) FROM stdin;
8b75b2ce-f336-4fb3-afec-36438f32333c	dev-2	90a305fa-c55e-45a3-95d7-64edb1124bb1			{"auto_full_compile": ""}	0	f		
21bd846a-5adc-4836-a59e-91f2155e5bf1	dev-1	90a305fa-c55e-45a3-95d7-64edb1124bb1			{"auto_deploy": true, "server_compile": true, "purge_on_delete": false, "auto_full_compile": "", "recompile_backoff": 0.1, "autostart_agent_map": {"internal": "local:", "localhost": "local:"}, "push_on_auto_deploy": true, "autostart_agent_deploy_interval": 0, "autostart_agent_repair_interval": 600, "autostart_agent_deploy_splay_time": 0, "autostart_agent_repair_splay_time": 0, "agent_trigger_method_on_auto_deploy": "push_incremental_deploy"}	2	f		
\.


--
-- Data for Name: environmentmetricsgauge; Type: TABLE DATA; Schema: public; Owner: -
--

COPY public.environmentmetricsgauge (environment, metric_name, "timestamp", count, grouped_by) FROM stdin;
\.


--
-- Data for Name: environmentmetricstimer; Type: TABLE DATA; Schema: public; Owner: -
--

COPY public.environmentmetricstimer (environment, metric_name, "timestamp", count, value, grouped_by) FROM stdin;
\.


--
-- Data for Name: notification; Type: TABLE DATA; Schema: public; Owner: -
--

COPY public.notification (id, environment, created, title, message, severity, uri, read, cleared) FROM stdin;
\.


--
-- Data for Name: parameter; Type: TABLE DATA; Schema: public; Owner: -
--

COPY public.parameter (id, name, value, environment, resource_id, source, updated, metadata) FROM stdin;
\.


--
-- Data for Name: project; Type: TABLE DATA; Schema: public; Owner: -
--

COPY public.project (id, name) FROM stdin;
90a305fa-c55e-45a3-95d7-64edb1124bb1	project-test-a
\.


--
-- Data for Name: report; Type: TABLE DATA; Schema: public; Owner: -
--

COPY public.report (id, started, completed, command, name, errstream, outstream, returncode, compile) FROM stdin;
5179ee64-4012-4885-8937-e27d17297128	2023-01-10 13:37:31.890293+01	2023-01-10 13:37:31.89139+01		Init		Using extra environment variables during compile \n	0	a166a048-f0ee-460e-bf82-2dcfa2248ba1
7d04a799-24eb-4add-9b92-23cd12e98e9a	2023-01-10 13:37:31.891664+01	2023-01-10 13:37:31.898179+01		Creating venv			0	a166a048-f0ee-460e-bf82-2dcfa2248ba1
5ce8efe9-2500-4715-b022-9b524c6597b4	2023-01-10 13:37:31.902538+01	2023-01-10 13:37:32.149853+01	/tmp/tmp459tiedo/server/environments/21bd846a-5adc-4836-a59e-91f2155e5bf1/.env/bin/python -m pip uninstall -y inmanta inmanta-service-orchestrator inmanta-core	Uninstall inmanta packages from the compiler venv	WARNING: Skipping inmanta as it is not installed.\nWARNING: Skipping inmanta-service-orchestrator as it is not installed.\n	Found existing installation: inmanta-core 8.0.1.dev0\nNot uninstalling inmanta-core at /home/florent/Desktop/inmanta-core/src, outside environment /tmp/tmp459tiedo/server/environments/21bd846a-5adc-4836-a59e-91f2155e5bf1/.env\nCan't uninstall 'inmanta-core'. No files were found to uninstall.\n	0	a166a048-f0ee-460e-bf82-2dcfa2248ba1
bf6dcd3e-4d45-449d-a976-060aab5cb905	2023-01-10 13:37:32.150791+01	2023-01-10 13:37:43.900376+01	/tmp/tmp459tiedo/server/environments/21bd846a-5adc-4836-a59e-91f2155e5bf1/.env/bin/python -m inmanta.app -vvv -X project update	Updating modules		inmanta.moduletool       INFO    Performing update attempt 1 of 5\ninmanta.module           DEBUG   Parsing took 0.000038 seconds\ninmanta.parser.cache     DEBUG   Compiler cache observed 0 hits and 2 misses (0%)\ninmanta.pip              DEBUG   Pip command: /tmp/tmp459tiedo/server/environments/21bd846a-5adc-4836-a59e-91f2155e5bf1/.env/bin/python -m pip install --upgrade --upgrade-strategy only-if-needed inmanta-module-std inmanta-core==8.0.1.dev0 --no-index\ninmanta.pip              DEBUG   Requirement already satisfied: inmanta-module-std in /home/florent/.virtualenvs/inmanta-core-new/lib/python3.9/site-packages (4.0.1)\ninmanta.pip              DEBUG   Requirement already satisfied: inmanta-core==8.0.1.dev0 in /home/florent/Desktop/inmanta-core/src (8.0.1.dev0)\ninmanta.pip              DEBUG   Requirement already satisfied: asyncpg~=0.25 in /home/florent/.virtualenvs/inmanta-core-new/lib/python3.9/site-packages (from inmanta-core==8.0.1.dev0) (0.25.0)\ninmanta.pip              DEBUG   Requirement already satisfied: click-plugins~=1.0 in /home/florent/.virtualenvs/inmanta-core-new/lib/python3.9/site-packages (from inmanta-core==8.0.1.dev0) (1.1.1)\ninmanta.pip              DEBUG   Requirement already satisfied: click<8.2,>=8.0 in /home/florent/.virtualenvs/inmanta-core-new/lib/python3.9/site-packages (from inmanta-core==8.0.1.dev0) (8.0.3)\ninmanta.pip              DEBUG   Requirement already satisfied: colorlog~=6.4 in /home/florent/.virtualenvs/inmanta-core-new/lib/python3.9/site-packages (from inmanta-core==8.0.1.dev0) (6.6.0)\ninmanta.pip              DEBUG   Requirement already satisfied: cookiecutter<3,>=1 in /home/florent/.virtualenvs/inmanta-core-new/lib/python3.9/site-packages (from inmanta-core==8.0.1.dev0) (1.7.3)\ninmanta.pip              DEBUG   Requirement already satisfied: crontab~=0.23 in /home/florent/.virtualenvs/inmanta-core-new/lib/python3.9/site-packages (from inmanta-core==8.0.1.dev0) (0.23.0)\ninmanta.pip              DEBUG   Requirement already satisfied: cryptography<39,>=36 in /home/florent/.virtualenvs/inmanta-core-new/lib/python3.9/site-packages (from inmanta-core==8.0.1.dev0) (36.0.1)\ninmanta.pip              DEBUG   Requirement already satisfied: docstring-parser<0.16,>=0.10 in /home/florent/.virtualenvs/inmanta-core-new/lib/python3.9/site-packages (from inmanta-core==8.0.1.dev0) (0.13)\ninmanta.pip              DEBUG   Requirement already satisfied: email-validator~=1.0 in /home/florent/.virtualenvs/inmanta-core-new/lib/python3.9/site-packages (from inmanta-core==8.0.1.dev0) (1.1.3)\ninmanta.pip              DEBUG   Requirement already satisfied: execnet~=1.0 in /home/florent/.virtualenvs/inmanta-core-new/lib/python3.9/site-packages (from inmanta-core==8.0.1.dev0) (1.9.0)\ninmanta.pip              DEBUG   Requirement already satisfied: importlib_metadata<6,>=4 in /home/florent/.virtualenvs/inmanta-core-new/lib/python3.9/site-packages (from inmanta-core==8.0.1.dev0) (4.8.2)\ninmanta.pip              DEBUG   Requirement already satisfied: jinja2~=3.0 in /home/florent/.virtualenvs/inmanta-core-new/lib/python3.9/site-packages (from inmanta-core==8.0.1.dev0) (3.0.3)\ninmanta.pip              DEBUG   Requirement already satisfied: more-itertools<10,>=8 in /home/florent/.virtualenvs/inmanta-core-new/lib/python3.9/site-packages (from inmanta-core==8.0.1.dev0) (8.12.0)\ninmanta.pip              DEBUG   Requirement already satisfied: netifaces~=0.11 in /home/florent/.virtualenvs/inmanta-core-new/lib/python3.9/site-packages (from inmanta-core==8.0.1.dev0) (0.11.0)\ninmanta.pip              DEBUG   Requirement already satisfied: packaging<23.0,>=21.3 in /home/florent/.virtualenvs/inmanta-core-new/lib/python3.9/site-packages (from inmanta-core==8.0.1.dev0) (21.3)\ninmanta.pip              DEBUG   Requirement already satisfied: pip>=21.3 in /home/florent/.virtualenvs/inmanta-core-new/lib/python3.9/site-packages (from inmanta-core==8.0.1.dev0) (21.3.1)\ninmanta.pip              DEBUG   Requirement already satisfied: ply~=3.0 in /home/florent/.virtualenvs/inmanta-core-new/lib/python3.9/site-packages (from inmanta-core==8.0.1.dev0) (3.11)\ninmanta.pip              DEBUG   Requirement already satisfied: pydantic!=1.9.0a1,~=1.0 in /home/florent/.virtualenvs/inmanta-core-new/lib/python3.9/site-packages (from inmanta-core==8.0.1.dev0) (1.9.0)\ninmanta.pip              DEBUG   Requirement already satisfied: pyformance~=0.4 in /home/florent/.virtualenvs/inmanta-core-new/lib/python3.9/site-packages (from inmanta-core==8.0.1.dev0) (0.4)\ninmanta.pip              DEBUG   Requirement already satisfied: PyJWT~=2.0 in /home/florent/.virtualenvs/inmanta-core-new/lib/python3.9/site-packages (from inmanta-core==8.0.1.dev0) (2.3.0)\ninmanta.pip              DEBUG   Requirement already satisfied: python-dateutil~=2.0 in /home/florent/.virtualenvs/inmanta-core-new/lib/python3.9/site-packages (from inmanta-core==8.0.1.dev0) (2.8.2)\ninmanta.pip              DEBUG   Requirement already satisfied: pyyaml~=6.0 in /home/florent/.virtualenvs/inmanta-core-new/lib/python3.9/site-packages (from inmanta-core==8.0.1.dev0) (6.0)\ninmanta.pip              DEBUG   Requirement already satisfied: texttable~=1.0 in /home/florent/.virtualenvs/inmanta-core-new/lib/python3.9/site-packages (from inmanta-core==8.0.1.dev0) (1.6.4)\ninmanta.pip              DEBUG   Requirement already satisfied: tornado~=6.0 in /home/florent/.virtualenvs/inmanta-core-new/lib/python3.9/site-packages (from inmanta-core==8.0.1.dev0) (6.1)\ninmanta.pip              DEBUG   Requirement already satisfied: typing_inspect~=0.7 in /home/florent/.virtualenvs/inmanta-core-new/lib/python3.9/site-packages (from inmanta-core==8.0.1.dev0) (0.7.1)\ninmanta.pip              DEBUG   Requirement already satisfied: build~=0.7 in /home/florent/.virtualenvs/inmanta-core-new/lib/python3.9/site-packages (from inmanta-core==8.0.1.dev0) (0.8.0)\ninmanta.pip              DEBUG   Requirement already satisfied: ruamel.yaml~=0.17 in /home/florent/.virtualenvs/inmanta-core-new/lib/python3.9/site-packages (from inmanta-core==8.0.1.dev0) (0.17.21)\ninmanta.pip              DEBUG   Requirement already satisfied: toml~=0.10 in /home/florent/.virtualenvs/inmanta-core-new/lib/python3.9/site-packages (from inmanta-core==8.0.1.dev0) (0.10.2)\ninmanta.pip              DEBUG   INFO: pip is looking at multiple versions of inmanta-core to determine which version is compatible with other requirements. This could take a while.\ninmanta.pip              DEBUG   ERROR: Cannot install inmanta-core==8.0.1.dev0 and inmanta-module-std==4.0.1 because these package versions have conflicting dependencies.\ninmanta.pip              DEBUG   \ninmanta.pip              DEBUG   The conflict is caused by:\ninmanta.pip              DEBUG   inmanta-core 8.0.1.dev0 depends on jinja2~=3.0\ninmanta.pip              DEBUG   inmanta-module-std 4.0.1 depends on Jinja2~=3.1\ninmanta.pip              DEBUG   \ninmanta.pip              DEBUG   To fix this you could try to:\ninmanta.pip              DEBUG   1. loosen the range of package versions you've specified\ninmanta.pip              DEBUG   2. remove package versions to allow pip attempt to solve the dependency conflict\ninmanta.pip              DEBUG   \ninmanta.pip              DEBUG   ERROR: ResolutionImpossible: for help visit https://pip.pypa.io/en/latest/user_guide/#fixing-conflicting-dependencies\ninmanta.moduletool       INFO    The model is not currently in an executable state, performing intermediate updates\ninmanta.pip              DEBUG   Pip command: /tmp/tmp459tiedo/server/environments/21bd846a-5adc-4836-a59e-91f2155e5bf1/.env/bin/python -m pip install --upgrade --upgrade-strategy eager dataclasses~=0.7; python_version < "3.7" pydantic~=1.10 email_validator~=1.3 Jinja2~=3.1 inmanta-core==8.0.1.dev0\ninmanta.pip              DEBUG   Looking in indexes: https://artifacts.internal.inmanta.com/inmanta/dev\ninmanta.pip              DEBUG   Ignoring dataclasses: markers 'python_version < "3.7"' don't match your environment\ninmanta.pip              DEBUG   Collecting pydantic~=1.10\ninmanta.pip              DEBUG   Using cached https://artifacts.internal.inmanta.com/root/pypi/%2Bf/990/406d226dea0e8/pydantic-1.10.4-cp39-cp39-manylinux_2_17_x86_64.manylinux2014_x86_64.whl (3.2 MB)\ninmanta.pip              DEBUG   Collecting email_validator~=1.3\ninmanta.pip              DEBUG   Using cached https://artifacts.internal.inmanta.com/root/pypi/%2Bf/816/073f2a7cffef7/email_validator-1.3.0-py2.py3-none-any.whl (22 kB)\ninmanta.pip              DEBUG   Collecting Jinja2~=3.1\ninmanta.pip              DEBUG   Using cached https://artifacts.internal.inmanta.com/root/pypi/%2Bf/608/8930bfe239f0e/Jinja2-3.1.2-py3-none-any.whl (133 kB)\ninmanta.pip              DEBUG   Requirement already satisfied: inmanta-core==8.0.1.dev0 in /home/florent/Desktop/inmanta-core/src (8.0.1.dev0)\ninmanta.pip              DEBUG   Requirement already satisfied: asyncpg~=0.25 in /home/florent/.virtualenvs/inmanta-core-new/lib/python3.9/site-packages (from inmanta-core==8.0.1.dev0) (0.25.0)\ninmanta.pip              DEBUG   Collecting asyncpg~=0.25\ninmanta.pip              DEBUG   Using cached https://artifacts.internal.inmanta.com/root/pypi/%2Bf/223/2ebae9796d460/asyncpg-0.27.0-cp39-cp39-manylinux_2_17_x86_64.manylinux2014_x86_64.manylinux_2_28_x86_64.whl (2.7 MB)\ninmanta.pip              DEBUG   Requirement already satisfied: click-plugins~=1.0 in /home/florent/.virtualenvs/inmanta-core-new/lib/python3.9/site-packages (from inmanta-core==8.0.1.dev0) (1.1.1)\ninmanta.pip              DEBUG   Requirement already satisfied: click<8.2,>=8.0 in /home/florent/.virtualenvs/inmanta-core-new/lib/python3.9/site-packages (from inmanta-core==8.0.1.dev0) (8.0.3)\ninmanta.pip              DEBUG   Collecting click<8.2,>=8.0\ninmanta.pip              DEBUG   Using cached https://artifacts.internal.inmanta.com/root/pypi/%2Bf/bb4/d8133cb15a609/click-8.1.3-py3-none-any.whl (96 kB)\ninmanta.pip              DEBUG   Requirement already satisfied: colorlog~=6.4 in /home/florent/.virtualenvs/inmanta-core-new/lib/python3.9/site-packages (from inmanta-core==8.0.1.dev0) (6.6.0)\ninmanta.pip              DEBUG   Collecting colorlog~=6.4\ninmanta.pip              DEBUG   Using cached https://artifacts.internal.inmanta.com/root/pypi/%2Bf/0d3/3ca236784a1ba/colorlog-6.7.0-py2.py3-none-any.whl (11 kB)\ninmanta.pip              DEBUG   Requirement already satisfied: cookiecutter<3,>=1 in /home/florent/.virtualenvs/inmanta-core-new/lib/python3.9/site-packages (from inmanta-core==8.0.1.dev0) (1.7.3)\ninmanta.pip              DEBUG   Collecting cookiecutter<3,>=1\ninmanta.pip              DEBUG   Using cached https://artifacts.internal.inmanta.com/root/pypi/%2Bf/9f3/ab027cec4f709/cookiecutter-2.1.1-py2.py3-none-any.whl (36 kB)\ninmanta.pip              DEBUG   Requirement already satisfied: crontab~=0.23 in /home/florent/.virtualenvs/inmanta-core-new/lib/python3.9/site-packages (from inmanta-core==8.0.1.dev0) (0.23.0)\ninmanta.pip              DEBUG   Requirement already satisfied: cryptography<39,>=36 in /home/florent/.virtualenvs/inmanta-core-new/lib/python3.9/site-packages (from inmanta-core==8.0.1.dev0) (36.0.1)\ninmanta.pip              DEBUG   Collecting cryptography<39,>=36\ninmanta.pip              DEBUG   Using cached https://artifacts.internal.inmanta.com/root/pypi/%2Bf/ce1/27dd0a6a0811c/cryptography-38.0.4-cp36-abi3-manylinux_2_28_x86_64.whl (4.2 MB)\ninmanta.pip              DEBUG   Requirement already satisfied: docstring-parser<0.16,>=0.10 in /home/florent/.virtualenvs/inmanta-core-new/lib/python3.9/site-packages (from inmanta-core==8.0.1.dev0) (0.13)\ninmanta.pip              DEBUG   Collecting docstring-parser<0.16,>=0.10\ninmanta.pip              DEBUG   Using cached https://artifacts.internal.inmanta.com/root/pypi/%2Bf/d16/79b86250d269d/docstring_parser-0.15-py3-none-any.whl (36 kB)\ninmanta.pip              DEBUG   Requirement already satisfied: execnet~=1.0 in /home/florent/.virtualenvs/inmanta-core-new/lib/python3.9/site-packages (from inmanta-core==8.0.1.dev0) (1.9.0)\ninmanta.pip              DEBUG   Requirement already satisfied: importlib_metadata<6,>=4 in /home/florent/.virtualenvs/inmanta-core-new/lib/python3.9/site-packages (from inmanta-core==8.0.1.dev0) (4.8.2)\ninmanta.pip              DEBUG   Collecting importlib_metadata<6,>=4\ninmanta.pip              DEBUG   Downloading https://artifacts.internal.inmanta.com/root/pypi/%2Bf/0ea/fa39ba42bf225/importlib_metadata-5.2.0-py3-none-any.whl (21 kB)\ninmanta.pip              DEBUG   Requirement already satisfied: more-itertools<10,>=8 in /home/florent/.virtualenvs/inmanta-core-new/lib/python3.9/site-packages (from inmanta-core==8.0.1.dev0) (8.12.0)\ninmanta.pip              DEBUG   Collecting more-itertools<10,>=8\ninmanta.pip              DEBUG   Using cached https://artifacts.internal.inmanta.com/root/pypi/%2Bf/250/e83d7e81d0c87/more_itertools-9.0.0-py3-none-any.whl (52 kB)\ninmanta.pip              DEBUG   Requirement already satisfied: netifaces~=0.11 in /home/florent/.virtualenvs/inmanta-core-new/lib/python3.9/site-packages (from inmanta-core==8.0.1.dev0) (0.11.0)\ninmanta.pip              DEBUG   Requirement already satisfied: packaging<23.0,>=21.3 in /home/florent/.virtualenvs/inmanta-core-new/lib/python3.9/site-packages (from inmanta-core==8.0.1.dev0) (21.3)\ninmanta.pip              DEBUG   Collecting packaging<23.0,>=21.3\ninmanta.pip              DEBUG   Using cached https://artifacts.internal.inmanta.com/root/pypi/%2Bf/957/e2148ba0e1a3b/packaging-22.0-py3-none-any.whl (42 kB)\ninmanta.pip              DEBUG   Requirement already satisfied: pip>=21.3 in /home/florent/.virtualenvs/inmanta-core-new/lib/python3.9/site-packages (from inmanta-core==8.0.1.dev0) (21.3.1)\ninmanta.pip              DEBUG   Collecting pip>=21.3\ninmanta.pip              DEBUG   Using cached https://artifacts.internal.inmanta.com/root/pypi/%2Bf/908/c78e6bc29b676/pip-22.3.1-py3-none-any.whl (2.1 MB)\ninmanta.pip              DEBUG   Requirement already satisfied: ply~=3.0 in /home/florent/.virtualenvs/inmanta-core-new/lib/python3.9/site-packages (from inmanta-core==8.0.1.dev0) (3.11)\ninmanta.pip              DEBUG   Requirement already satisfied: pyformance~=0.4 in /home/florent/.virtualenvs/inmanta-core-new/lib/python3.9/site-packages (from inmanta-core==8.0.1.dev0) (0.4)\ninmanta.pip              DEBUG   Requirement already satisfied: PyJWT~=2.0 in /home/florent/.virtualenvs/inmanta-core-new/lib/python3.9/site-packages (from inmanta-core==8.0.1.dev0) (2.3.0)\ninmanta.pip              DEBUG   Collecting PyJWT~=2.0\ninmanta.pip              DEBUG   Using cached https://artifacts.internal.inmanta.com/root/pypi/%2Bf/d83/c3d892a77bbb7/PyJWT-2.6.0-py3-none-any.whl (20 kB)\ninmanta.pip              DEBUG   Requirement already satisfied: python-dateutil~=2.0 in /home/florent/.virtualenvs/inmanta-core-new/lib/python3.9/site-packages (from inmanta-core==8.0.1.dev0) (2.8.2)\ninmanta.pip              DEBUG   Requirement already satisfied: pyyaml~=6.0 in /home/florent/.virtualenvs/inmanta-core-new/lib/python3.9/site-packages (from inmanta-core==8.0.1.dev0) (6.0)\ninmanta.pip              DEBUG   Requirement already satisfied: texttable~=1.0 in /home/florent/.virtualenvs/inmanta-core-new/lib/python3.9/site-packages (from inmanta-core==8.0.1.dev0) (1.6.4)\ninmanta.pip              DEBUG   Collecting texttable~=1.0\ninmanta.pip              DEBUG   Using cached https://artifacts.internal.inmanta.com/root/pypi/%2Bf/b7b/68139aa8a6339/texttable-1.6.7-py2.py3-none-any.whl (10 kB)\ninmanta.pip              DEBUG   Requirement already satisfied: tornado~=6.0 in /home/florent/.virtualenvs/inmanta-core-new/lib/python3.9/site-packages (from inmanta-core==8.0.1.dev0) (6.1)\ninmanta.pip              DEBUG   Collecting tornado~=6.0\ninmanta.pip              DEBUG   Using cached https://artifacts.internal.inmanta.com/root/pypi/%2Bf/d3a/2f5999215a3a0/tornado-6.2-cp37-abi3-manylinux_2_5_x86_64.manylinux1_x86_64.manylinux_2_17_x86_64.manylinux2014_x86_64.whl (423 kB)\ninmanta.pip              DEBUG   Requirement already satisfied: typing_inspect~=0.7 in /home/florent/.virtualenvs/inmanta-core-new/lib/python3.9/site-packages (from inmanta-core==8.0.1.dev0) (0.7.1)\ninmanta.pip              DEBUG   Collecting typing_inspect~=0.7\ninmanta.pip              DEBUG   Using cached https://artifacts.internal.inmanta.com/root/pypi/%2Bf/5fb/f9c1e65d4fa01/typing_inspect-0.8.0-py3-none-any.whl (8.7 kB)\ninmanta.pip              DEBUG   Requirement already satisfied: build~=0.7 in /home/florent/.virtualenvs/inmanta-core-new/lib/python3.9/site-packages (from inmanta-core==8.0.1.dev0) (0.8.0)\ninmanta.pip              DEBUG   Collecting build~=0.7\ninmanta.pip              DEBUG   Using cached https://artifacts.internal.inmanta.com/root/pypi/%2Bf/38a/7a2b7a0bdc61a/build-0.9.0-py3-none-any.whl (17 kB)\ninmanta.pip              DEBUG   Requirement already satisfied: ruamel.yaml~=0.17 in /home/florent/.virtualenvs/inmanta-core-new/lib/python3.9/site-packages (from inmanta-core==8.0.1.dev0) (0.17.21)\ninmanta.pip              DEBUG   Requirement already satisfied: toml~=0.10 in /home/florent/.virtualenvs/inmanta-core-new/lib/python3.9/site-packages (from inmanta-core==8.0.1.dev0) (0.10.2)\ninmanta.pip              DEBUG   Requirement already satisfied: typing-extensions>=4.2.0 in /home/florent/.virtualenvs/inmanta-core-new/lib/python3.9/site-packages (from pydantic~=1.10) (4.4.0)\ninmanta.pip              DEBUG   Requirement already satisfied: idna>=2.0.0 in /home/florent/.virtualenvs/inmanta-core-new/lib/python3.9/site-packages (from email_validator~=1.3) (3.4)\ninmanta.pip              DEBUG   Requirement already satisfied: dnspython>=1.15.0 in /home/florent/.virtualenvs/inmanta-core-new/lib/python3.9/site-packages (from email_validator~=1.3) (2.2.1)\ninmanta.pip              DEBUG   Requirement already satisfied: MarkupSafe>=2.0 in /home/florent/.virtualenvs/inmanta-core-new/lib/python3.9/site-packages (from Jinja2~=3.1) (2.1.1)\ninmanta.pip              DEBUG   Requirement already satisfied: tomli>=1.0.0 in /home/florent/.virtualenvs/inmanta-core-new/lib/python3.9/site-packages (from build~=0.7->inmanta-core==8.0.1.dev0) (2.0.1)\ninmanta.pip              DEBUG   Requirement already satisfied: pep517>=0.9.1 in /home/florent/.virtualenvs/inmanta-core-new/lib/python3.9/site-packages (from build~=0.7->inmanta-core==8.0.1.dev0) (0.13.0)\ninmanta.pip              DEBUG   Requirement already satisfied: binaryornot>=0.4.4 in /home/florent/.virtualenvs/inmanta-core-new/lib/python3.9/site-packages (from cookiecutter<3,>=1->inmanta-core==8.0.1.dev0) (0.4.4)\ninmanta.pip              DEBUG   Requirement already satisfied: requests>=2.23.0 in /home/florent/.virtualenvs/inmanta-core-new/lib/python3.9/site-packages (from cookiecutter<3,>=1->inmanta-core==8.0.1.dev0) (2.28.1)\ninmanta.pip              DEBUG   Requirement already satisfied: jinja2-time>=0.2.0 in /home/florent/.virtualenvs/inmanta-core-new/lib/python3.9/site-packages (from cookiecutter<3,>=1->inmanta-core==8.0.1.dev0) (0.2.0)\ninmanta.pip              DEBUG   Requirement already satisfied: python-slugify>=4.0.0 in /home/florent/.virtualenvs/inmanta-core-new/lib/python3.9/site-packages (from cookiecutter<3,>=1->inmanta-core==8.0.1.dev0) (6.1.2)\ninmanta.pip              DEBUG   Collecting python-slugify>=4.0.0\ninmanta.pip              DEBUG   Using cached https://artifacts.internal.inmanta.com/root/pypi/%2Bf/003/aee64f9fd955d/python_slugify-7.0.0-py2.py3-none-any.whl (9.4 kB)\ninmanta.pip              DEBUG   Requirement already satisfied: cffi>=1.12 in /home/florent/.virtualenvs/inmanta-core-new/lib/python3.9/site-packages (from cryptography<39,>=36->inmanta-core==8.0.1.dev0) (1.15.1)\ninmanta.pip              DEBUG   Requirement already satisfied: zipp>=0.5 in /home/florent/.virtualenvs/inmanta-core-new/lib/python3.9/site-packages (from importlib_metadata<6,>=4->inmanta-core==8.0.1.dev0) (3.9.0)\ninmanta.pip              DEBUG   Collecting zipp>=0.5\ninmanta.pip              DEBUG   Using cached https://artifacts.internal.inmanta.com/root/pypi/%2Bf/83a/28fcb75844b5c/zipp-3.11.0-py3-none-any.whl (6.6 kB)\ninmanta.pip              DEBUG   Requirement already satisfied: six in /home/florent/.virtualenvs/inmanta-core-new/lib/python3.9/site-packages (from pyformance~=0.4->inmanta-core==8.0.1.dev0) (1.16.0)\ninmanta.pip              DEBUG   Requirement already satisfied: ruamel.yaml.clib>=0.2.6 in /home/florent/.virtualenvs/inmanta-core-new/lib/python3.9/site-packages (from ruamel.yaml~=0.17->inmanta-core==8.0.1.dev0) (0.2.6)\ninmanta.pip              DEBUG   Collecting ruamel.yaml.clib>=0.2.6\ninmanta.pip              DEBUG   Using cached https://artifacts.internal.inmanta.com/root/pypi/%2Bf/a7b/301ff08055d73/ruamel.yaml.clib-0.2.7-cp39-cp39-manylinux_2_17_x86_64.manylinux2014_x86_64.manylinux_2_24_x86_64.whl (519 kB)\ninmanta.pip              DEBUG   Requirement already satisfied: mypy-extensions>=0.3.0 in /home/florent/.virtualenvs/inmanta-core-new/lib/python3.9/site-packages (from typing_inspect~=0.7->inmanta-core==8.0.1.dev0) (0.4.3)\ninmanta.pip              DEBUG   Requirement already satisfied: chardet>=3.0.2 in /home/florent/.virtualenvs/inmanta-core-new/lib/python3.9/site-packages (from binaryornot>=0.4.4->cookiecutter<3,>=1->inmanta-core==8.0.1.dev0) (5.0.0)\ninmanta.pip              DEBUG   Collecting chardet>=3.0.2\ninmanta.pip              DEBUG   Using cached https://artifacts.internal.inmanta.com/root/pypi/%2Bf/362/777fb014af596/chardet-5.1.0-py3-none-any.whl (199 kB)\ninmanta.pip              DEBUG   Requirement already satisfied: pycparser in /home/florent/.virtualenvs/inmanta-core-new/lib/python3.9/site-packages (from cffi>=1.12->cryptography<39,>=36->inmanta-core==8.0.1.dev0) (2.21)\ninmanta.pip              DEBUG   Requirement already satisfied: arrow in /home/florent/.virtualenvs/inmanta-core-new/lib/python3.9/site-packages (from jinja2-time>=0.2.0->cookiecutter<3,>=1->inmanta-core==8.0.1.dev0) (1.2.3)\ninmanta.pip              DEBUG   Requirement already satisfied: text-unidecode>=1.3 in /home/florent/.virtualenvs/inmanta-core-new/lib/python3.9/site-packages (from python-slugify>=4.0.0->cookiecutter<3,>=1->inmanta-core==8.0.1.dev0) (1.3)\ninmanta.pip              DEBUG   Requirement already satisfied: urllib3<1.27,>=1.21.1 in /home/florent/.virtualenvs/inmanta-core-new/lib/python3.9/site-packages (from requests>=2.23.0->cookiecutter<3,>=1->inmanta-core==8.0.1.dev0) (1.26.12)\ninmanta.pip              DEBUG   Collecting urllib3<1.27,>=1.21.1\ninmanta.pip              DEBUG   Using cached https://artifacts.internal.inmanta.com/root/pypi/%2Bf/47c/c05d99aaa09c9/urllib3-1.26.13-py2.py3-none-any.whl (140 kB)\ninmanta.pip              DEBUG   Requirement already satisfied: charset-normalizer<3,>=2 in /home/florent/.virtualenvs/inmanta-core-new/lib/python3.9/site-packages (from requests>=2.23.0->cookiecutter<3,>=1->inmanta-core==8.0.1.dev0) (2.1.1)\ninmanta.pip              DEBUG   Requirement already satisfied: certifi>=2017.4.17 in /home/florent/.virtualenvs/inmanta-core-new/lib/python3.9/site-packages (from requests>=2.23.0->cookiecutter<3,>=1->inmanta-core==8.0.1.dev0) (2022.9.24)\ninmanta.pip              DEBUG   Collecting certifi>=2017.4.17\ninmanta.pip              DEBUG   Using cached https://artifacts.internal.inmanta.com/root/pypi/%2Bf/4ad/3232f5e926d67/certifi-2022.12.7-py3-none-any.whl (155 kB)\ninmanta.pip              DEBUG   Installing collected packages: urllib3, Jinja2, chardet, certifi, zipp, ruamel.yaml.clib, python-slugify, packaging, click, typing-inspect, tornado, texttable, PyJWT, pydantic, pip, more-itertools, importlib-metadata, email-validator, docstring-parser, cryptography, cookiecutter, colorlog, build, asyncpg\ninmanta.pip              DEBUG   Attempting uninstall: urllib3\ninmanta.pip              DEBUG   Found existing installation: urllib3 1.26.12\ninmanta.pip              DEBUG   Not uninstalling urllib3 at /home/florent/.virtualenvs/inmanta-core-new/lib/python3.9/site-packages, outside environment /tmp/tmp459tiedo/server/environments/21bd846a-5adc-4836-a59e-91f2155e5bf1/.env\ninmanta.pip              DEBUG   Can't uninstall 'urllib3'. No files were found to uninstall.\ninmanta.pip              DEBUG   Attempting uninstall: Jinja2\ninmanta.pip              DEBUG   Found existing installation: Jinja2 3.0.3\ninmanta.pip              DEBUG   Not uninstalling jinja2 at /home/florent/.virtualenvs/inmanta-core-new/lib/python3.9/site-packages, outside environment /tmp/tmp459tiedo/server/environments/21bd846a-5adc-4836-a59e-91f2155e5bf1/.env\ninmanta.pip              DEBUG   Can't uninstall 'Jinja2'. No files were found to uninstall.\ninmanta.pip              DEBUG   Attempting uninstall: chardet\ninmanta.pip              DEBUG   Found existing installation: chardet 5.0.0\ninmanta.pip              DEBUG   Not uninstalling chardet at /home/florent/.virtualenvs/inmanta-core-new/lib/python3.9/site-packages, outside environment /tmp/tmp459tiedo/server/environments/21bd846a-5adc-4836-a59e-91f2155e5bf1/.env\ninmanta.pip              DEBUG   Can't uninstall 'chardet'. No files were found to uninstall.\ninmanta.pip              DEBUG   Attempting uninstall: certifi\ninmanta.pip              DEBUG   Found existing installation: certifi 2022.9.24\ninmanta.pip              DEBUG   Not uninstalling certifi at /home/florent/.virtualenvs/inmanta-core-new/lib/python3.9/site-packages, outside environment /tmp/tmp459tiedo/server/environments/21bd846a-5adc-4836-a59e-91f2155e5bf1/.env\ninmanta.pip              DEBUG   Can't uninstall 'certifi'. No files were found to uninstall.\ninmanta.pip              DEBUG   Attempting uninstall: zipp\ninmanta.pip              DEBUG   Found existing installation: zipp 3.9.0\ninmanta.pip              DEBUG   Not uninstalling zipp at /home/florent/.virtualenvs/inmanta-core-new/lib/python3.9/site-packages, outside environment /tmp/tmp459tiedo/server/environments/21bd846a-5adc-4836-a59e-91f2155e5bf1/.env\ninmanta.pip              DEBUG   Can't uninstall 'zipp'. No files were found to uninstall.\ninmanta.pip              DEBUG   Attempting uninstall: ruamel.yaml.clib\ninmanta.pip              DEBUG   Found existing installation: ruamel.yaml.clib 0.2.6\ninmanta.pip              DEBUG   Not uninstalling ruamel.yaml.clib at /home/florent/.virtualenvs/inmanta-core-new/lib/python3.9/site-packages, outside environment /tmp/tmp459tiedo/server/environments/21bd846a-5adc-4836-a59e-91f2155e5bf1/.env\ninmanta.pip              DEBUG   Can't uninstall 'ruamel.yaml.clib'. No files were found to uninstall.\ninmanta.pip              DEBUG   Attempting uninstall: python-slugify\ninmanta.pip              DEBUG   Found existing installation: python-slugify 6.1.2\ninmanta.pip              DEBUG   Not uninstalling python-slugify at /home/florent/.virtualenvs/inmanta-core-new/lib/python3.9/site-packages, outside environment /tmp/tmp459tiedo/server/environments/21bd846a-5adc-4836-a59e-91f2155e5bf1/.env\ninmanta.pip              DEBUG   Can't uninstall 'python-slugify'. No files were found to uninstall.\ninmanta.pip              DEBUG   Attempting uninstall: packaging\ninmanta.pip              DEBUG   Found existing installation: packaging 21.3\ninmanta.pip              DEBUG   Not uninstalling packaging at /home/florent/.virtualenvs/inmanta-core-new/lib/python3.9/site-packages, outside environment /tmp/tmp459tiedo/server/environments/21bd846a-5adc-4836-a59e-91f2155e5bf1/.env\ninmanta.pip              DEBUG   Can't uninstall 'packaging'. No files were found to uninstall.\ninmanta.pip              DEBUG   Attempting uninstall: click\ninmanta.pip              DEBUG   Found existing installation: click 8.0.3\ninmanta.pip              DEBUG   Not uninstalling click at /home/florent/.virtualenvs/inmanta-core-new/lib/python3.9/site-packages, outside environment /tmp/tmp459tiedo/server/environments/21bd846a-5adc-4836-a59e-91f2155e5bf1/.env\ninmanta.pip              DEBUG   Can't uninstall 'click'. No files were found to uninstall.\ninmanta.pip              DEBUG   Attempting uninstall: typing-inspect\ninmanta.pip              DEBUG   Found existing installation: typing-inspect 0.7.1\ninmanta.pip              DEBUG   Not uninstalling typing-inspect at /home/florent/.virtualenvs/inmanta-core-new/lib/python3.9/site-packages, outside environment /tmp/tmp459tiedo/server/environments/21bd846a-5adc-4836-a59e-91f2155e5bf1/.env\ninmanta.pip              DEBUG   Can't uninstall 'typing-inspect'. No files were found to uninstall.\ninmanta.pip              DEBUG   Attempting uninstall: tornado\ninmanta.pip              DEBUG   Found existing installation: tornado 6.1\ninmanta.pip              DEBUG   Not uninstalling tornado at /home/florent/.virtualenvs/inmanta-core-new/lib/python3.9/site-packages, outside environment /tmp/tmp459tiedo/server/environments/21bd846a-5adc-4836-a59e-91f2155e5bf1/.env\ninmanta.pip              DEBUG   Can't uninstall 'tornado'. No files were found to uninstall.\ninmanta.pip              DEBUG   Attempting uninstall: texttable\ninmanta.pip              DEBUG   Found existing installation: texttable 1.6.4\ninmanta.pip              DEBUG   Not uninstalling texttable at /home/florent/.virtualenvs/inmanta-core-new/lib/python3.9/site-packages, outside environment /tmp/tmp459tiedo/server/environments/21bd846a-5adc-4836-a59e-91f2155e5bf1/.env\ninmanta.pip              DEBUG   Can't uninstall 'texttable'. No files were found to uninstall.\ninmanta.pip              DEBUG   Attempting uninstall: PyJWT\ninmanta.pip              DEBUG   Found existing installation: PyJWT 2.3.0\ninmanta.pip              DEBUG   Not uninstalling pyjwt at /home/florent/.virtualenvs/inmanta-core-new/lib/python3.9/site-packages, outside environment /tmp/tmp459tiedo/server/environments/21bd846a-5adc-4836-a59e-91f2155e5bf1/.env\ninmanta.pip              DEBUG   Can't uninstall 'PyJWT'. No files were found to uninstall.\ninmanta.pip              DEBUG   Attempting uninstall: pydantic\ninmanta.pip              DEBUG   Found existing installation: pydantic 1.9.0\ninmanta.pip              DEBUG   Not uninstalling pydantic at /home/florent/.virtualenvs/inmanta-core-new/lib/python3.9/site-packages, outside environment /tmp/tmp459tiedo/server/environments/21bd846a-5adc-4836-a59e-91f2155e5bf1/.env\ninmanta.pip              DEBUG   Can't uninstall 'pydantic'. No files were found to uninstall.\ninmanta.pip              DEBUG   Attempting uninstall: pip\ninmanta.pip              DEBUG   Found existing installation: pip 21.3.1\ninmanta.pip              DEBUG   Not uninstalling pip at /home/florent/.virtualenvs/inmanta-core-new/lib/python3.9/site-packages, outside environment /tmp/tmp459tiedo/server/environments/21bd846a-5adc-4836-a59e-91f2155e5bf1/.env\ninmanta.pip              DEBUG   Can't uninstall 'pip'. No files were found to uninstall.\ninmanta.pip              DEBUG   Attempting uninstall: more-itertools\ninmanta.pip              DEBUG   Found existing installation: more-itertools 8.12.0\ninmanta.pip              DEBUG   Not uninstalling more-itertools at /home/florent/.virtualenvs/inmanta-core-new/lib/python3.9/site-packages, outside environment /tmp/tmp459tiedo/server/environments/21bd846a-5adc-4836-a59e-91f2155e5bf1/.env\ninmanta.pip              DEBUG   Can't uninstall 'more-itertools'. No files were found to uninstall.\ninmanta.pip              DEBUG   Attempting uninstall: importlib-metadata\ninmanta.pip              DEBUG   Found existing installation: importlib-metadata 4.8.2\ninmanta.pip              DEBUG   Not uninstalling importlib-metadata at /home/florent/.virtualenvs/inmanta-core-new/lib/python3.9/site-packages, outside environment /tmp/tmp459tiedo/server/environments/21bd846a-5adc-4836-a59e-91f2155e5bf1/.env\ninmanta.pip              DEBUG   Can't uninstall 'importlib-metadata'. No files were found to uninstall.\ninmanta.pip              DEBUG   Attempting uninstall: email-validator\ninmanta.pip              DEBUG   Found existing installation: email-validator 1.1.3\ninmanta.pip              DEBUG   Not uninstalling email-validator at /home/florent/.virtualenvs/inmanta-core-new/lib/python3.9/site-packages, outside environment /tmp/tmp459tiedo/server/environments/21bd846a-5adc-4836-a59e-91f2155e5bf1/.env\ninmanta.pip              DEBUG   Can't uninstall 'email-validator'. No files were found to uninstall.\ninmanta.pip              DEBUG   Attempting uninstall: docstring-parser\ninmanta.pip              DEBUG   Found existing installation: docstring-parser 0.13\ninmanta.pip              DEBUG   Not uninstalling docstring-parser at /home/florent/.virtualenvs/inmanta-core-new/lib/python3.9/site-packages, outside environment /tmp/tmp459tiedo/server/environments/21bd846a-5adc-4836-a59e-91f2155e5bf1/.env\ninmanta.pip              DEBUG   Can't uninstall 'docstring-parser'. No files were found to uninstall.\ninmanta.pip              DEBUG   Attempting uninstall: cryptography\ninmanta.pip              DEBUG   Found existing installation: cryptography 36.0.1\ninmanta.pip              DEBUG   Not uninstalling cryptography at /home/florent/.virtualenvs/inmanta-core-new/lib/python3.9/site-packages, outside environment /tmp/tmp459tiedo/server/environments/21bd846a-5adc-4836-a59e-91f2155e5bf1/.env\ninmanta.pip              DEBUG   Can't uninstall 'cryptography'. No files were found to uninstall.\ninmanta.pip              DEBUG   Attempting uninstall: cookiecutter\ninmanta.pip              DEBUG   Found existing installation: cookiecutter 1.7.3\ninmanta.pip              DEBUG   Not uninstalling cookiecutter at /home/florent/.virtualenvs/inmanta-core-new/lib/python3.9/site-packages, outside environment /tmp/tmp459tiedo/server/environments/21bd846a-5adc-4836-a59e-91f2155e5bf1/.env\ninmanta.pip              DEBUG   Can't uninstall 'cookiecutter'. No files were found to uninstall.\ninmanta.pip              DEBUG   Attempting uninstall: colorlog\ninmanta.pip              DEBUG   Found existing installation: colorlog 6.6.0\ninmanta.pip              DEBUG   Not uninstalling colorlog at /home/florent/.virtualenvs/inmanta-core-new/lib/python3.9/site-packages, outside environment /tmp/tmp459tiedo/server/environments/21bd846a-5adc-4836-a59e-91f2155e5bf1/.env\ninmanta.pip              DEBUG   Can't uninstall 'colorlog'. No files were found to uninstall.\ninmanta.pip              DEBUG   Attempting uninstall: build\ninmanta.pip              DEBUG   Found existing installation: build 0.8.0\ninmanta.pip              DEBUG   Not uninstalling build at /home/florent/.virtualenvs/inmanta-core-new/lib/python3.9/site-packages, outside environment /tmp/tmp459tiedo/server/environments/21bd846a-5adc-4836-a59e-91f2155e5bf1/.env\ninmanta.pip              DEBUG   Can't uninstall 'build'. No files were found to uninstall.\ninmanta.pip              DEBUG   Attempting uninstall: asyncpg\ninmanta.pip              DEBUG   Found existing installation: asyncpg 0.25.0\ninmanta.pip              DEBUG   Not uninstalling asyncpg at /home/florent/.virtualenvs/inmanta-core-new/lib/python3.9/site-packages, outside environment /tmp/tmp459tiedo/server/environments/21bd846a-5adc-4836-a59e-91f2155e5bf1/.env\ninmanta.pip              DEBUG   Can't uninstall 'asyncpg'. No files were found to uninstall.\ninmanta.pip              DEBUG   Successfully installed Jinja2-3.1.2 PyJWT-2.6.0 asyncpg-0.27.0 build-0.9.0 certifi-2022.12.7 chardet-5.1.0 click-8.1.3 colorlog-6.7.0 cookiecutter-2.1.1 cryptography-38.0.4 docstring-parser-0.15 email-validator-1.3.0 importlib-metadata-5.2.0 more-itertools-9.0.0 packaging-22.0 pip-22.3.1 pydantic-1.10.4 python-slugify-7.0.0 ruamel.yaml.clib-0.2.7 texttable-1.6.7 tornado-6.2 typing-inspect-0.8.0 urllib3-1.26.13 zipp-3.11.0\ninmanta.pip              DEBUG   WARNING: You are using pip version 21.3.1; however, version 22.3.1 is available.\ninmanta.pip              DEBUG   You should consider upgrading via the '/tmp/tmp459tiedo/server/environments/21bd846a-5adc-4836-a59e-91f2155e5bf1/.env/bin/python -m pip install --upgrade pip' command.\ninmanta.module           INFO    verifying project\ninmanta.moduletool       INFO    Performing update attempt 2 of 5\ninmanta.module           DEBUG   Parsing took 0.000032 seconds\ninmanta.parser.cache     DEBUG   Compiler cache observed 1 hits and 2 misses (33%)\ninmanta.pip              DEBUG   Pip command: /tmp/tmp459tiedo/server/environments/21bd846a-5adc-4836-a59e-91f2155e5bf1/.env/bin/python -m pip install --upgrade --upgrade-strategy only-if-needed inmanta-module-std inmanta-core==8.0.1.dev0 --no-index\ninmanta.pip              DEBUG   Requirement already satisfied: inmanta-module-std in /home/florent/.virtualenvs/inmanta-core-new/lib/python3.9/site-packages (4.0.1)\ninmanta.pip              DEBUG   Requirement already satisfied: inmanta-core==8.0.1.dev0 in /home/florent/Desktop/inmanta-core/src (8.0.1.dev0)\ninmanta.pip              DEBUG   Requirement already satisfied: asyncpg~=0.25 in ./.env/lib/python3.9/site-packages (from inmanta-core==8.0.1.dev0) (0.27.0)\ninmanta.pip              DEBUG   Requirement already satisfied: click-plugins~=1.0 in /home/florent/.virtualenvs/inmanta-core-new/lib/python3.9/site-packages (from inmanta-core==8.0.1.dev0) (1.1.1)\ninmanta.pip              DEBUG   Requirement already satisfied: click<8.2,>=8.0 in ./.env/lib/python3.9/site-packages (from inmanta-core==8.0.1.dev0) (8.1.3)\ninmanta.pip              DEBUG   Requirement already satisfied: colorlog~=6.4 in ./.env/lib/python3.9/site-packages (from inmanta-core==8.0.1.dev0) (6.7.0)\ninmanta.pip              DEBUG   Requirement already satisfied: cookiecutter<3,>=1 in ./.env/lib/python3.9/site-packages (from inmanta-core==8.0.1.dev0) (2.1.1)\ninmanta.pip              DEBUG   Requirement already satisfied: crontab~=0.23 in /home/florent/.virtualenvs/inmanta-core-new/lib/python3.9/site-packages (from inmanta-core==8.0.1.dev0) (0.23.0)\ninmanta.pip              DEBUG   Requirement already satisfied: cryptography<39,>=36 in ./.env/lib/python3.9/site-packages (from inmanta-core==8.0.1.dev0) (38.0.4)\ninmanta.pip              DEBUG   Requirement already satisfied: docstring-parser<0.16,>=0.10 in ./.env/lib/python3.9/site-packages (from inmanta-core==8.0.1.dev0) (0.15)\ninmanta.pip              DEBUG   Requirement already satisfied: email-validator~=1.0 in ./.env/lib/python3.9/site-packages (from inmanta-core==8.0.1.dev0) (1.3.0)\ninmanta.pip              DEBUG   Requirement already satisfied: execnet~=1.0 in /home/florent/.virtualenvs/inmanta-core-new/lib/python3.9/site-packages (from inmanta-core==8.0.1.dev0) (1.9.0)\ninmanta.pip              DEBUG   Requirement already satisfied: importlib_metadata<6,>=4 in ./.env/lib/python3.9/site-packages (from inmanta-core==8.0.1.dev0) (5.2.0)\ninmanta.pip              DEBUG   Requirement already satisfied: jinja2~=3.0 in ./.env/lib/python3.9/site-packages (from inmanta-core==8.0.1.dev0) (3.1.2)\ninmanta.pip              DEBUG   Requirement already satisfied: more-itertools<10,>=8 in ./.env/lib/python3.9/site-packages (from inmanta-core==8.0.1.dev0) (9.0.0)\ninmanta.pip              DEBUG   Requirement already satisfied: netifaces~=0.11 in /home/florent/.virtualenvs/inmanta-core-new/lib/python3.9/site-packages (from inmanta-core==8.0.1.dev0) (0.11.0)\ninmanta.pip              DEBUG   Requirement already satisfied: packaging<23.0,>=21.3 in ./.env/lib/python3.9/site-packages (from inmanta-core==8.0.1.dev0) (22.0)\ninmanta.pip              DEBUG   Requirement already satisfied: pip>=21.3 in ./.env/lib/python3.9/site-packages (from inmanta-core==8.0.1.dev0) (22.3.1)\ninmanta.pip              DEBUG   Requirement already satisfied: ply~=3.0 in /home/florent/.virtualenvs/inmanta-core-new/lib/python3.9/site-packages (from inmanta-core==8.0.1.dev0) (3.11)\ninmanta.pip              DEBUG   Requirement already satisfied: pydantic!=1.9.0a1,~=1.0 in ./.env/lib/python3.9/site-packages (from inmanta-core==8.0.1.dev0) (1.10.4)\ninmanta.pip              DEBUG   Requirement already satisfied: pyformance~=0.4 in /home/florent/.virtualenvs/inmanta-core-new/lib/python3.9/site-packages (from inmanta-core==8.0.1.dev0) (0.4)\ninmanta.pip              DEBUG   Requirement already satisfied: PyJWT~=2.0 in ./.env/lib/python3.9/site-packages (from inmanta-core==8.0.1.dev0) (2.6.0)\ninmanta.pip              DEBUG   Requirement already satisfied: python-dateutil~=2.0 in /home/florent/.virtualenvs/inmanta-core-new/lib/python3.9/site-packages (from inmanta-core==8.0.1.dev0) (2.8.2)\ninmanta.pip              DEBUG   Requirement already satisfied: pyyaml~=6.0 in /home/florent/.virtualenvs/inmanta-core-new/lib/python3.9/site-packages (from inmanta-core==8.0.1.dev0) (6.0)\ninmanta.pip              DEBUG   Requirement already satisfied: texttable~=1.0 in ./.env/lib/python3.9/site-packages (from inmanta-core==8.0.1.dev0) (1.6.7)\ninmanta.pip              DEBUG   Requirement already satisfied: tornado~=6.0 in ./.env/lib/python3.9/site-packages (from inmanta-core==8.0.1.dev0) (6.2)\ninmanta.pip              DEBUG   Requirement already satisfied: typing_inspect~=0.7 in ./.env/lib/python3.9/site-packages (from inmanta-core==8.0.1.dev0) (0.8.0)\ninmanta.pip              DEBUG   Requirement already satisfied: build~=0.7 in ./.env/lib/python3.9/site-packages (from inmanta-core==8.0.1.dev0) (0.9.0)\ninmanta.pip              DEBUG   Requirement already satisfied: ruamel.yaml~=0.17 in /home/florent/.virtualenvs/inmanta-core-new/lib/python3.9/site-packages (from inmanta-core==8.0.1.dev0) (0.17.21)\ninmanta.pip              DEBUG   Requirement already satisfied: toml~=0.10 in /home/florent/.virtualenvs/inmanta-core-new/lib/python3.9/site-packages (from inmanta-core==8.0.1.dev0) (0.10.2)\ninmanta.pip              DEBUG   Requirement already satisfied: pep517>=0.9.1 in /home/florent/.virtualenvs/inmanta-core-new/lib/python3.9/site-packages (from build~=0.7->inmanta-core==8.0.1.dev0) (0.13.0)\ninmanta.pip              DEBUG   Requirement already satisfied: tomli>=1.0.0 in /home/florent/.virtualenvs/inmanta-core-new/lib/python3.9/site-packages (from build~=0.7->inmanta-core==8.0.1.dev0) (2.0.1)\ninmanta.pip              DEBUG   Requirement already satisfied: requests>=2.23.0 in /home/florent/.virtualenvs/inmanta-core-new/lib/python3.9/site-packages (from cookiecutter<3,>=1->inmanta-core==8.0.1.dev0) (2.28.1)\ninmanta.pip              DEBUG   Requirement already satisfied: jinja2-time>=0.2.0 in /home/florent/.virtualenvs/inmanta-core-new/lib/python3.9/site-packages (from cookiecutter<3,>=1->inmanta-core==8.0.1.dev0) (0.2.0)\ninmanta.pip              DEBUG   Requirement already satisfied: binaryornot>=0.4.4 in /home/florent/.virtualenvs/inmanta-core-new/lib/python3.9/site-packages (from cookiecutter<3,>=1->inmanta-core==8.0.1.dev0) (0.4.4)\ninmanta.pip              DEBUG   Requirement already satisfied: python-slugify>=4.0.0 in ./.env/lib/python3.9/site-packages (from cookiecutter<3,>=1->inmanta-core==8.0.1.dev0) (7.0.0)\ninmanta.pip              DEBUG   Requirement already satisfied: cffi>=1.12 in /home/florent/.virtualenvs/inmanta-core-new/lib/python3.9/site-packages (from cryptography<39,>=36->inmanta-core==8.0.1.dev0) (1.15.1)\ninmanta.pip              DEBUG   Requirement already satisfied: dnspython>=1.15.0 in /home/florent/.virtualenvs/inmanta-core-new/lib/python3.9/site-packages (from email-validator~=1.0->inmanta-core==8.0.1.dev0) (2.2.1)\ninmanta.pip              DEBUG   Requirement already satisfied: idna>=2.0.0 in /home/florent/.virtualenvs/inmanta-core-new/lib/python3.9/site-packages (from email-validator~=1.0->inmanta-core==8.0.1.dev0) (3.4)\ninmanta.pip              DEBUG   Requirement already satisfied: zipp>=0.5 in ./.env/lib/python3.9/site-packages (from importlib_metadata<6,>=4->inmanta-core==8.0.1.dev0) (3.11.0)\ninmanta.pip              DEBUG   Requirement already satisfied: MarkupSafe>=2.0 in /home/florent/.virtualenvs/inmanta-core-new/lib/python3.9/site-packages (from jinja2~=3.0->inmanta-core==8.0.1.dev0) (2.1.1)\ninmanta.pip              DEBUG   Requirement already satisfied: typing-extensions>=4.2.0 in /home/florent/.virtualenvs/inmanta-core-new/lib/python3.9/site-packages (from pydantic!=1.9.0a1,~=1.0->inmanta-core==8.0.1.dev0) (4.4.0)\ninmanta.pip              DEBUG   Requirement already satisfied: six in /home/florent/.virtualenvs/inmanta-core-new/lib/python3.9/site-packages (from pyformance~=0.4->inmanta-core==8.0.1.dev0) (1.16.0)\ninmanta.pip              DEBUG   Requirement already satisfied: ruamel.yaml.clib>=0.2.6 in ./.env/lib/python3.9/site-packages (from ruamel.yaml~=0.17->inmanta-core==8.0.1.dev0) (0.2.7)\ninmanta.pip              DEBUG   Requirement already satisfied: mypy-extensions>=0.3.0 in /home/florent/.virtualenvs/inmanta-core-new/lib/python3.9/site-packages (from typing_inspect~=0.7->inmanta-core==8.0.1.dev0) (0.4.3)\ninmanta.pip              DEBUG   Requirement already satisfied: chardet>=3.0.2 in ./.env/lib/python3.9/site-packages (from binaryornot>=0.4.4->cookiecutter<3,>=1->inmanta-core==8.0.1.dev0) (5.1.0)\ninmanta.pip              DEBUG   Requirement already satisfied: pycparser in /home/florent/.virtualenvs/inmanta-core-new/lib/python3.9/site-packages (from cffi>=1.12->cryptography<39,>=36->inmanta-core==8.0.1.dev0) (2.21)\ninmanta.pip              DEBUG   Requirement already satisfied: arrow in /home/florent/.virtualenvs/inmanta-core-new/lib/python3.9/site-packages (from jinja2-time>=0.2.0->cookiecutter<3,>=1->inmanta-core==8.0.1.dev0) (1.2.3)\ninmanta.pip              DEBUG   Requirement already satisfied: text-unidecode>=1.3 in /home/florent/.virtualenvs/inmanta-core-new/lib/python3.9/site-packages (from python-slugify>=4.0.0->cookiecutter<3,>=1->inmanta-core==8.0.1.dev0) (1.3)\ninmanta.pip              DEBUG   Requirement already satisfied: urllib3<1.27,>=1.21.1 in ./.env/lib/python3.9/site-packages (from requests>=2.23.0->cookiecutter<3,>=1->inmanta-core==8.0.1.dev0) (1.26.13)\ninmanta.pip              DEBUG   Requirement already satisfied: certifi>=2017.4.17 in ./.env/lib/python3.9/site-packages (from requests>=2.23.0->cookiecutter<3,>=1->inmanta-core==8.0.1.dev0) (2022.12.7)\ninmanta.pip              DEBUG   Requirement already satisfied: charset-normalizer<3,>=2 in /home/florent/.virtualenvs/inmanta-core-new/lib/python3.9/site-packages (from requests>=2.23.0->cookiecutter<3,>=1->inmanta-core==8.0.1.dev0) (2.1.1)\ninmanta.pip              DEBUG   Pip command: /tmp/tmp459tiedo/server/environments/21bd846a-5adc-4836-a59e-91f2155e5bf1/.env/bin/python -m pip install --upgrade --upgrade-strategy eager dataclasses~=0.7; python_version < "3.7" pydantic~=1.10 email_validator~=1.3 Jinja2~=3.1 inmanta-core==8.0.1.dev0\ninmanta.pip              DEBUG   Looking in indexes: https://artifacts.internal.inmanta.com/inmanta/dev\ninmanta.pip              DEBUG   Ignoring dataclasses: markers 'python_version < "3.7"' don't match your environment\ninmanta.pip              DEBUG   Requirement already satisfied: pydantic~=1.10 in ./.env/lib/python3.9/site-packages (1.10.4)\ninmanta.pip              DEBUG   Requirement already satisfied: email_validator~=1.3 in ./.env/lib/python3.9/site-packages (1.3.0)\ninmanta.pip              DEBUG   Requirement already satisfied: Jinja2~=3.1 in ./.env/lib/python3.9/site-packages (3.1.2)\ninmanta.pip              DEBUG   Requirement already satisfied: inmanta-core==8.0.1.dev0 in /home/florent/Desktop/inmanta-core/src (8.0.1.dev0)\ninmanta.pip              DEBUG   Requirement already satisfied: asyncpg~=0.25 in ./.env/lib/python3.9/site-packages (from inmanta-core==8.0.1.dev0) (0.27.0)\ninmanta.pip              DEBUG   Requirement already satisfied: click-plugins~=1.0 in /home/florent/.virtualenvs/inmanta-core-new/lib/python3.9/site-packages (from inmanta-core==8.0.1.dev0) (1.1.1)\ninmanta.pip              DEBUG   Requirement already satisfied: click<8.2,>=8.0 in ./.env/lib/python3.9/site-packages (from inmanta-core==8.0.1.dev0) (8.1.3)\ninmanta.pip              DEBUG   Requirement already satisfied: colorlog~=6.4 in ./.env/lib/python3.9/site-packages (from inmanta-core==8.0.1.dev0) (6.7.0)\ninmanta.pip              DEBUG   Requirement already satisfied: cookiecutter<3,>=1 in ./.env/lib/python3.9/site-packages (from inmanta-core==8.0.1.dev0) (2.1.1)\ninmanta.pip              DEBUG   Requirement already satisfied: crontab~=0.23 in /home/florent/.virtualenvs/inmanta-core-new/lib/python3.9/site-packages (from inmanta-core==8.0.1.dev0) (0.23.0)\ninmanta.pip              DEBUG   Requirement already satisfied: cryptography<39,>=36 in ./.env/lib/python3.9/site-packages (from inmanta-core==8.0.1.dev0) (38.0.4)\ninmanta.pip              DEBUG   Requirement already satisfied: docstring-parser<0.16,>=0.10 in ./.env/lib/python3.9/site-packages (from inmanta-core==8.0.1.dev0) (0.15)\ninmanta.pip              DEBUG   Requirement already satisfied: execnet~=1.0 in /home/florent/.virtualenvs/inmanta-core-new/lib/python3.9/site-packages (from inmanta-core==8.0.1.dev0) (1.9.0)\ninmanta.pip              DEBUG   Requirement already satisfied: importlib_metadata<6,>=4 in ./.env/lib/python3.9/site-packages (from inmanta-core==8.0.1.dev0) (5.2.0)\ninmanta.pip              DEBUG   Requirement already satisfied: more-itertools<10,>=8 in ./.env/lib/python3.9/site-packages (from inmanta-core==8.0.1.dev0) (9.0.0)\ninmanta.pip              DEBUG   Requirement already satisfied: netifaces~=0.11 in /home/florent/.virtualenvs/inmanta-core-new/lib/python3.9/site-packages (from inmanta-core==8.0.1.dev0) (0.11.0)\ninmanta.pip              DEBUG   Requirement already satisfied: packaging<23.0,>=21.3 in ./.env/lib/python3.9/site-packages (from inmanta-core==8.0.1.dev0) (22.0)\ninmanta.pip              DEBUG   Requirement already satisfied: pip>=21.3 in ./.env/lib/python3.9/site-packages (from inmanta-core==8.0.1.dev0) (22.3.1)\ninmanta.pip              DEBUG   Requirement already satisfied: ply~=3.0 in /home/florent/.virtualenvs/inmanta-core-new/lib/python3.9/site-packages (from inmanta-core==8.0.1.dev0) (3.11)\ninmanta.pip              DEBUG   Requirement already satisfied: pyformance~=0.4 in /home/florent/.virtualenvs/inmanta-core-new/lib/python3.9/site-packages (from inmanta-core==8.0.1.dev0) (0.4)\ninmanta.pip              DEBUG   Requirement already satisfied: PyJWT~=2.0 in ./.env/lib/python3.9/site-packages (from inmanta-core==8.0.1.dev0) (2.6.0)\ninmanta.pip              DEBUG   Requirement already satisfied: python-dateutil~=2.0 in /home/florent/.virtualenvs/inmanta-core-new/lib/python3.9/site-packages (from inmanta-core==8.0.1.dev0) (2.8.2)\ninmanta.pip              DEBUG   Requirement already satisfied: pyyaml~=6.0 in /home/florent/.virtualenvs/inmanta-core-new/lib/python3.9/site-packages (from inmanta-core==8.0.1.dev0) (6.0)\ninmanta.pip              DEBUG   Requirement already satisfied: texttable~=1.0 in ./.env/lib/python3.9/site-packages (from inmanta-core==8.0.1.dev0) (1.6.7)\ninmanta.pip              DEBUG   Requirement already satisfied: tornado~=6.0 in ./.env/lib/python3.9/site-packages (from inmanta-core==8.0.1.dev0) (6.2)\ninmanta.pip              DEBUG   Requirement already satisfied: typing_inspect~=0.7 in ./.env/lib/python3.9/site-packages (from inmanta-core==8.0.1.dev0) (0.8.0)\ninmanta.pip              DEBUG   Requirement already satisfied: build~=0.7 in ./.env/lib/python3.9/site-packages (from inmanta-core==8.0.1.dev0) (0.9.0)\ninmanta.pip              DEBUG   Requirement already satisfied: ruamel.yaml~=0.17 in /home/florent/.virtualenvs/inmanta-core-new/lib/python3.9/site-packages (from inmanta-core==8.0.1.dev0) (0.17.21)\ninmanta.pip              DEBUG   Requirement already satisfied: toml~=0.10 in /home/florent/.virtualenvs/inmanta-core-new/lib/python3.9/site-packages (from inmanta-core==8.0.1.dev0) (0.10.2)\ninmanta.pip              DEBUG   Requirement already satisfied: typing-extensions>=4.2.0 in /home/florent/.virtualenvs/inmanta-core-new/lib/python3.9/site-packages (from pydantic~=1.10) (4.4.0)\ninmanta.pip              DEBUG   Requirement already satisfied: dnspython>=1.15.0 in /home/florent/.virtualenvs/inmanta-core-new/lib/python3.9/site-packages (from email_validator~=1.3) (2.2.1)\ninmanta.pip              DEBUG   Requirement already satisfied: idna>=2.0.0 in /home/florent/.virtualenvs/inmanta-core-new/lib/python3.9/site-packages (from email_validator~=1.3) (3.4)\ninmanta.pip              DEBUG   Requirement already satisfied: MarkupSafe>=2.0 in /home/florent/.virtualenvs/inmanta-core-new/lib/python3.9/site-packages (from Jinja2~=3.1) (2.1.1)\ninmanta.pip              DEBUG   Requirement already satisfied: pep517>=0.9.1 in /home/florent/.virtualenvs/inmanta-core-new/lib/python3.9/site-packages (from build~=0.7->inmanta-core==8.0.1.dev0) (0.13.0)\ninmanta.pip              DEBUG   Requirement already satisfied: tomli>=1.0.0 in /home/florent/.virtualenvs/inmanta-core-new/lib/python3.9/site-packages (from build~=0.7->inmanta-core==8.0.1.dev0) (2.0.1)\ninmanta.pip              DEBUG   Requirement already satisfied: python-slugify>=4.0.0 in ./.env/lib/python3.9/site-packages (from cookiecutter<3,>=1->inmanta-core==8.0.1.dev0) (7.0.0)\ninmanta.pip              DEBUG   Requirement already satisfied: binaryornot>=0.4.4 in /home/florent/.virtualenvs/inmanta-core-new/lib/python3.9/site-packages (from cookiecutter<3,>=1->inmanta-core==8.0.1.dev0) (0.4.4)\ninmanta.pip              DEBUG   Requirement already satisfied: jinja2-time>=0.2.0 in /home/florent/.virtualenvs/inmanta-core-new/lib/python3.9/site-packages (from cookiecutter<3,>=1->inmanta-core==8.0.1.dev0) (0.2.0)\ninmanta.pip              DEBUG   Requirement already satisfied: requests>=2.23.0 in /home/florent/.virtualenvs/inmanta-core-new/lib/python3.9/site-packages (from cookiecutter<3,>=1->inmanta-core==8.0.1.dev0) (2.28.1)\ninmanta.pip              DEBUG   Requirement already satisfied: cffi>=1.12 in /home/florent/.virtualenvs/inmanta-core-new/lib/python3.9/site-packages (from cryptography<39,>=36->inmanta-core==8.0.1.dev0) (1.15.1)\ninmanta.pip              DEBUG   Requirement already satisfied: zipp>=0.5 in ./.env/lib/python3.9/site-packages (from importlib_metadata<6,>=4->inmanta-core==8.0.1.dev0) (3.11.0)\ninmanta.pip              DEBUG   Requirement already satisfied: six in /home/florent/.virtualenvs/inmanta-core-new/lib/python3.9/site-packages (from pyformance~=0.4->inmanta-core==8.0.1.dev0) (1.16.0)\ninmanta.pip              DEBUG   Requirement already satisfied: ruamel.yaml.clib>=0.2.6 in ./.env/lib/python3.9/site-packages (from ruamel.yaml~=0.17->inmanta-core==8.0.1.dev0) (0.2.7)\ninmanta.pip              DEBUG   Requirement already satisfied: mypy-extensions>=0.3.0 in /home/florent/.virtualenvs/inmanta-core-new/lib/python3.9/site-packages (from typing_inspect~=0.7->inmanta-core==8.0.1.dev0) (0.4.3)\ninmanta.pip              DEBUG   Requirement already satisfied: chardet>=3.0.2 in ./.env/lib/python3.9/site-packages (from binaryornot>=0.4.4->cookiecutter<3,>=1->inmanta-core==8.0.1.dev0) (5.1.0)\ninmanta.pip              DEBUG   Requirement already satisfied: pycparser in /home/florent/.virtualenvs/inmanta-core-new/lib/python3.9/site-packages (from cffi>=1.12->cryptography<39,>=36->inmanta-core==8.0.1.dev0) (2.21)\ninmanta.pip              DEBUG   Requirement already satisfied: arrow in /home/florent/.virtualenvs/inmanta-core-new/lib/python3.9/site-packages (from jinja2-time>=0.2.0->cookiecutter<3,>=1->inmanta-core==8.0.1.dev0) (1.2.3)\ninmanta.pip              DEBUG   Requirement already satisfied: text-unidecode>=1.3 in /home/florent/.virtualenvs/inmanta-core-new/lib/python3.9/site-packages (from python-slugify>=4.0.0->cookiecutter<3,>=1->inmanta-core==8.0.1.dev0) (1.3)\ninmanta.pip              DEBUG   Requirement already satisfied: charset-normalizer<3,>=2 in /home/florent/.virtualenvs/inmanta-core-new/lib/python3.9/site-packages (from requests>=2.23.0->cookiecutter<3,>=1->inmanta-core==8.0.1.dev0) (2.1.1)\ninmanta.pip              DEBUG   Requirement already satisfied: urllib3<1.27,>=1.21.1 in ./.env/lib/python3.9/site-packages (from requests>=2.23.0->cookiecutter<3,>=1->inmanta-core==8.0.1.dev0) (1.26.13)\ninmanta.pip              DEBUG   Requirement already satisfied: certifi>=2017.4.17 in ./.env/lib/python3.9/site-packages (from requests>=2.23.0->cookiecutter<3,>=1->inmanta-core==8.0.1.dev0) (2022.12.7)\ninmanta.module           INFO    verifying project\n	0	a166a048-f0ee-460e-bf82-2dcfa2248ba1
2dd2c210-2b5a-428d-a775-8e9b10c4b952	2023-01-10 13:37:43.901529+01	2023-01-10 13:37:46.228673+01	/tmp/tmp459tiedo/server/environments/21bd846a-5adc-4836-a59e-91f2155e5bf1/.env/bin/python -m inmanta.app -vvv export -X -e 21bd846a-5adc-4836-a59e-91f2155e5bf1 --server_address localhost --server_port 38327 --metadata {"type": "api", "message": "Recompile trigger through API call"} --export-compile-data --export-compile-data-file /tmp/tmpga4jthsi --no-ssl	Recompiling configuration model		inmanta.compiler         DEBUG   Starting compile\ninmanta.module           DEBUG   Parsing took 0.003691 seconds\ninmanta.parser.cache     DEBUG   Compiler cache observed 2 hits and 0 misses (100%)\ninmanta.module           INFO    verifying project\ninmanta.module           DEBUG   Loading module inmanta_plugins.std\ninmanta.module           DEBUG   Loading module inmanta_plugins.std.resources\ninmanta.module           DEBUG   Parsing took 0.000058 seconds\ninmanta.parser.cache     DEBUG   Compiler cache observed 2 hits and 0 misses (100%)\ninmanta.module           INFO    The following modules are currently installed:\ninmanta.module           INFO    V2 modules:\ninmanta.module           INFO      std: 4.0.1\ninmanta.execute.schedulerDEBUG   Iteration 1 (e: 8, w: 0, p: 0, done: 0, time: 0.001921)\ninmanta.execute.schedulerDEBUG   Finishing statements with no waiters\ninmanta.execute.schedulerDEBUG   Iteration 2 (e: 1, w: 0, p: 0, done: 73, time: 0.001516)\ninmanta.execute.schedulerDEBUG   Finishing statements with no waiters\ninmanta.execute.schedulerDEBUG   Iteration 2 (e: 0, w: 0, p: 0, done: 74, time: 0.000212)\ninmanta.execute.schedulerINFO    Total compilation time 0.003780\ninmanta.compiler         DEBUG   Compile done\ninmanta.protocol.endpointsDEBUG   Start transport for client compiler\nasyncio                  DEBUG   Using selector: EpollSelector\ninmanta.protocol.rest.clientDEBUG   Getting config in section compiler_rest_transport\ninmanta.protocol.rest.clientDEBUG   Calling server POST http://localhost:38327/api/v2/reserve_version\ninmanta.protocol.endpointsDEBUG   Start transport for client compiler\ninmanta.export           INFO    Sending resources and handler source to server\ninmanta.export           INFO    Uploading source files\ninmanta.protocol.rest.clientDEBUG   Getting config in section compiler_rest_transport\ninmanta.protocol.rest.clientDEBUG   Calling server POST http://localhost:38327/api/v1/file\ninmanta.protocol.rest.clientDEBUG   Getting config in section compiler_rest_transport\ninmanta.protocol.rest.clientDEBUG   Calling server PUT http://localhost:38327/api/v1/file/5309d4b5db445e9c423dc60125f5b50b2926239e\ninmanta.protocol.rest.clientDEBUG   Getting config in section compiler_rest_transport\ninmanta.protocol.rest.clientDEBUG   Calling server PUT http://localhost:38327/api/v1/file/9d0d5cd7c8331a5e3a20ae9c68979cafde658d21\ninmanta.protocol.rest.clientDEBUG   Getting config in section compiler_rest_transport\ninmanta.protocol.rest.clientDEBUG   Calling server PUT http://localhost:38327/api/v1/codebatched/1\ninmanta.export           INFO    Uploading 1 files\ninmanta.protocol.rest.clientDEBUG   Getting config in section compiler_rest_transport\ninmanta.protocol.rest.clientDEBUG   Calling server POST http://localhost:38327/api/v1/file\ninmanta.export           INFO    Only 1 files are new and need to be uploaded\ninmanta.protocol.rest.clientDEBUG   Getting config in section compiler_rest_transport\ninmanta.protocol.rest.clientDEBUG   Calling server PUT http://localhost:38327/api/v1/file/7110eda4d09e062aa5e4a390b0a572ac0d2c0220\ninmanta.export           DEBUG   Uploaded file with hash 7110eda4d09e062aa5e4a390b0a572ac0d2c0220\ninmanta.export           INFO    Sending resource updates to server\ninmanta.export           DEBUG     std::File[localhost,path=/tmp/test],v=1\ninmanta.export           DEBUG     std::AgentConfig[internal,agentname=localhost],v=1\ninmanta.protocol.rest.clientDEBUG   Getting config in section compiler_rest_transport\ninmanta.protocol.rest.clientDEBUG   Calling server PUT http://localhost:38327/api/v1/version\ninmanta.export           INFO    Committed resources with version 1\n	0	a166a048-f0ee-460e-bf82-2dcfa2248ba1
671496f1-28f4-4b65-912f-8ea634b16980	2023-01-10 13:37:51.376155+01	2023-01-10 13:37:51.377208+01		Init		Using extra environment variables during compile \n	0	fb7b01cd-9275-4f79-8557-42e8fdf00f8c
838473d3-3dae-4d36-a759-dfa82d13b67e	2023-01-10 13:37:51.384094+01	2023-01-10 13:37:51.687508+01	/tmp/tmp459tiedo/server/environments/21bd846a-5adc-4836-a59e-91f2155e5bf1/.env/bin/python -m pip uninstall -y inmanta inmanta-service-orchestrator inmanta-core	Uninstall inmanta packages from the compiler venv	WARNING: Skipping inmanta as it is not installed.\nWARNING: Skipping inmanta-service-orchestrator as it is not installed.\n	Found existing installation: inmanta-core 8.0.1.dev0\nNot uninstalling inmanta-core at /home/florent/Desktop/inmanta-core/src, outside environment /tmp/tmp459tiedo/server/environments/21bd846a-5adc-4836-a59e-91f2155e5bf1/.env\nCan't uninstall 'inmanta-core'. No files were found to uninstall.\n	0	fb7b01cd-9275-4f79-8557-42e8fdf00f8c
2541ce51-f698-494c-92fc-e1ef77fb4592	2023-01-10 13:38:01.363447+01	2023-01-10 13:38:02.136191+01	/tmp/tmp459tiedo/server/environments/21bd846a-5adc-4836-a59e-91f2155e5bf1/.env/bin/python -m inmanta.app -vvv export -X -e 21bd846a-5adc-4836-a59e-91f2155e5bf1 --server_address localhost --server_port 38327 --metadata {"type": "api", "message": "Recompile trigger through API call"} --export-compile-data --export-compile-data-file /tmp/tmpo1i0dddh --no-ssl	Recompiling configuration model		inmanta.compiler         DEBUG   Starting compile\ninmanta.module           DEBUG   Parsing took 0.003756 seconds\ninmanta.parser.cache     DEBUG   Compiler cache observed 2 hits and 0 misses (100%)\ninmanta.module           INFO    verifying project\ninmanta.module           DEBUG   Loading module inmanta_plugins.std\ninmanta.module           DEBUG   Loading module inmanta_plugins.std.resources\ninmanta.module           DEBUG   Parsing took 0.000060 seconds\ninmanta.parser.cache     DEBUG   Compiler cache observed 2 hits and 0 misses (100%)\ninmanta.module           INFO    The following modules are currently installed:\ninmanta.module           INFO    V2 modules:\ninmanta.module           INFO      std: 4.0.1\ninmanta.execute.schedulerDEBUG   Iteration 1 (e: 8, w: 0, p: 0, done: 0, time: 0.001931)\ninmanta.execute.schedulerDEBUG   Finishing statements with no waiters\ninmanta.execute.schedulerDEBUG   Iteration 2 (e: 1, w: 0, p: 0, done: 73, time: 0.001514)\ninmanta.execute.schedulerDEBUG   Finishing statements with no waiters\ninmanta.execute.schedulerDEBUG   Iteration 2 (e: 0, w: 0, p: 0, done: 74, time: 0.000226)\ninmanta.execute.schedulerINFO    Total compilation time 0.003817\ninmanta.compiler         DEBUG   Compile done\ninmanta.protocol.endpointsDEBUG   Start transport for client compiler\nasyncio                  DEBUG   Using selector: EpollSelector\ninmanta.protocol.rest.clientDEBUG   Getting config in section compiler_rest_transport\ninmanta.protocol.rest.clientDEBUG   Calling server POST http://localhost:38327/api/v2/reserve_version\ninmanta.protocol.endpointsDEBUG   Start transport for client compiler\ninmanta.export           INFO    Sending resources and handler source to server\ninmanta.export           INFO    Uploading source files\ninmanta.protocol.rest.clientDEBUG   Getting config in section compiler_rest_transport\ninmanta.protocol.rest.clientDEBUG   Calling server POST http://localhost:38327/api/v1/file\ninmanta.protocol.rest.clientDEBUG   Getting config in section compiler_rest_transport\ninmanta.protocol.rest.clientDEBUG   Calling server PUT http://localhost:38327/api/v1/codebatched/2\ninmanta.export           INFO    Uploading 1 files\ninmanta.protocol.rest.clientDEBUG   Getting config in section compiler_rest_transport\ninmanta.protocol.rest.clientDEBUG   Calling server POST http://localhost:38327/api/v1/file\ninmanta.export           INFO    Only 0 files are new and need to be uploaded\ninmanta.export           INFO    Sending resource updates to server\ninmanta.export           DEBUG     std::File[localhost,path=/tmp/test],v=2\ninmanta.export           DEBUG     std::AgentConfig[internal,agentname=localhost],v=2\ninmanta.protocol.rest.clientDEBUG   Getting config in section compiler_rest_transport\ninmanta.protocol.rest.clientDEBUG   Calling server PUT http://localhost:38327/api/v1/version\ninmanta.export           INFO    Committed resources with version 2\n	0	fb7b01cd-9275-4f79-8557-42e8fdf00f8c
532e5a9a-ad41-4daa-84b6-0702ff7d627c	2023-01-10 13:37:51.688472+01	2023-01-10 13:38:01.362279+01	/tmp/tmp459tiedo/server/environments/21bd846a-5adc-4836-a59e-91f2155e5bf1/.env/bin/python -m inmanta.app -vvv -X project update	Updating modules		inmanta.moduletool       INFO    Performing update attempt 1 of 5\ninmanta.module           DEBUG   Parsing took 0.000040 seconds\ninmanta.parser.cache     DEBUG   Compiler cache observed 2 hits and 0 misses (100%)\ninmanta.pip              DEBUG   Pip command: /tmp/tmp459tiedo/server/environments/21bd846a-5adc-4836-a59e-91f2155e5bf1/.env/bin/python -m pip install --upgrade --upgrade-strategy only-if-needed inmanta-module-std inmanta-core==8.0.1.dev0 --no-index\ninmanta.pip              DEBUG   Requirement already satisfied: inmanta-module-std in /home/florent/.virtualenvs/inmanta-core-new/lib/python3.9/site-packages (4.0.1)\ninmanta.pip              DEBUG   Requirement already satisfied: inmanta-core==8.0.1.dev0 in /home/florent/Desktop/inmanta-core/src (8.0.1.dev0)\ninmanta.pip              DEBUG   Requirement already satisfied: asyncpg~=0.25 in ./.env/lib/python3.9/site-packages (from inmanta-core==8.0.1.dev0) (0.27.0)\ninmanta.pip              DEBUG   Requirement already satisfied: click-plugins~=1.0 in /home/florent/.virtualenvs/inmanta-core-new/lib/python3.9/site-packages (from inmanta-core==8.0.1.dev0) (1.1.1)\ninmanta.pip              DEBUG   Requirement already satisfied: click<8.2,>=8.0 in ./.env/lib/python3.9/site-packages (from inmanta-core==8.0.1.dev0) (8.1.3)\ninmanta.pip              DEBUG   Requirement already satisfied: colorlog~=6.4 in ./.env/lib/python3.9/site-packages (from inmanta-core==8.0.1.dev0) (6.7.0)\ninmanta.pip              DEBUG   Requirement already satisfied: cookiecutter<3,>=1 in ./.env/lib/python3.9/site-packages (from inmanta-core==8.0.1.dev0) (2.1.1)\ninmanta.pip              DEBUG   Requirement already satisfied: crontab~=0.23 in /home/florent/.virtualenvs/inmanta-core-new/lib/python3.9/site-packages (from inmanta-core==8.0.1.dev0) (0.23.0)\ninmanta.pip              DEBUG   Requirement already satisfied: cryptography<39,>=36 in ./.env/lib/python3.9/site-packages (from inmanta-core==8.0.1.dev0) (38.0.4)\ninmanta.pip              DEBUG   Requirement already satisfied: docstring-parser<0.16,>=0.10 in ./.env/lib/python3.9/site-packages (from inmanta-core==8.0.1.dev0) (0.15)\ninmanta.pip              DEBUG   Requirement already satisfied: email-validator~=1.0 in ./.env/lib/python3.9/site-packages (from inmanta-core==8.0.1.dev0) (1.3.0)\ninmanta.pip              DEBUG   Requirement already satisfied: execnet~=1.0 in /home/florent/.virtualenvs/inmanta-core-new/lib/python3.9/site-packages (from inmanta-core==8.0.1.dev0) (1.9.0)\ninmanta.pip              DEBUG   Requirement already satisfied: importlib_metadata<6,>=4 in ./.env/lib/python3.9/site-packages (from inmanta-core==8.0.1.dev0) (5.2.0)\ninmanta.pip              DEBUG   Requirement already satisfied: jinja2~=3.0 in ./.env/lib/python3.9/site-packages (from inmanta-core==8.0.1.dev0) (3.1.2)\ninmanta.pip              DEBUG   Requirement already satisfied: more-itertools<10,>=8 in ./.env/lib/python3.9/site-packages (from inmanta-core==8.0.1.dev0) (9.0.0)\ninmanta.pip              DEBUG   Requirement already satisfied: netifaces~=0.11 in /home/florent/.virtualenvs/inmanta-core-new/lib/python3.9/site-packages (from inmanta-core==8.0.1.dev0) (0.11.0)\ninmanta.pip              DEBUG   Requirement already satisfied: packaging<23.0,>=21.3 in ./.env/lib/python3.9/site-packages (from inmanta-core==8.0.1.dev0) (22.0)\ninmanta.pip              DEBUG   Requirement already satisfied: pip>=21.3 in ./.env/lib/python3.9/site-packages (from inmanta-core==8.0.1.dev0) (22.3.1)\ninmanta.pip              DEBUG   Requirement already satisfied: ply~=3.0 in /home/florent/.virtualenvs/inmanta-core-new/lib/python3.9/site-packages (from inmanta-core==8.0.1.dev0) (3.11)\ninmanta.pip              DEBUG   Requirement already satisfied: pydantic!=1.9.0a1,~=1.0 in ./.env/lib/python3.9/site-packages (from inmanta-core==8.0.1.dev0) (1.10.4)\ninmanta.pip              DEBUG   Requirement already satisfied: pyformance~=0.4 in /home/florent/.virtualenvs/inmanta-core-new/lib/python3.9/site-packages (from inmanta-core==8.0.1.dev0) (0.4)\ninmanta.pip              DEBUG   Requirement already satisfied: PyJWT~=2.0 in ./.env/lib/python3.9/site-packages (from inmanta-core==8.0.1.dev0) (2.6.0)\ninmanta.pip              DEBUG   Requirement already satisfied: python-dateutil~=2.0 in /home/florent/.virtualenvs/inmanta-core-new/lib/python3.9/site-packages (from inmanta-core==8.0.1.dev0) (2.8.2)\ninmanta.pip              DEBUG   Requirement already satisfied: pyyaml~=6.0 in /home/florent/.virtualenvs/inmanta-core-new/lib/python3.9/site-packages (from inmanta-core==8.0.1.dev0) (6.0)\ninmanta.pip              DEBUG   Requirement already satisfied: texttable~=1.0 in ./.env/lib/python3.9/site-packages (from inmanta-core==8.0.1.dev0) (1.6.7)\ninmanta.pip              DEBUG   Requirement already satisfied: tornado~=6.0 in ./.env/lib/python3.9/site-packages (from inmanta-core==8.0.1.dev0) (6.2)\ninmanta.pip              DEBUG   Requirement already satisfied: typing_inspect~=0.7 in ./.env/lib/python3.9/site-packages (from inmanta-core==8.0.1.dev0) (0.8.0)\ninmanta.pip              DEBUG   Requirement already satisfied: build~=0.7 in ./.env/lib/python3.9/site-packages (from inmanta-core==8.0.1.dev0) (0.9.0)\ninmanta.pip              DEBUG   Requirement already satisfied: ruamel.yaml~=0.17 in /home/florent/.virtualenvs/inmanta-core-new/lib/python3.9/site-packages (from inmanta-core==8.0.1.dev0) (0.17.21)\ninmanta.pip              DEBUG   Requirement already satisfied: toml~=0.10 in /home/florent/.virtualenvs/inmanta-core-new/lib/python3.9/site-packages (from inmanta-core==8.0.1.dev0) (0.10.2)\ninmanta.pip              DEBUG   Requirement already satisfied: tomli>=1.0.0 in /home/florent/.virtualenvs/inmanta-core-new/lib/python3.9/site-packages (from build~=0.7->inmanta-core==8.0.1.dev0) (2.0.1)\ninmanta.pip              DEBUG   Requirement already satisfied: pep517>=0.9.1 in /home/florent/.virtualenvs/inmanta-core-new/lib/python3.9/site-packages (from build~=0.7->inmanta-core==8.0.1.dev0) (0.13.0)\ninmanta.pip              DEBUG   Requirement already satisfied: binaryornot>=0.4.4 in /home/florent/.virtualenvs/inmanta-core-new/lib/python3.9/site-packages (from cookiecutter<3,>=1->inmanta-core==8.0.1.dev0) (0.4.4)\ninmanta.pip              DEBUG   Requirement already satisfied: jinja2-time>=0.2.0 in /home/florent/.virtualenvs/inmanta-core-new/lib/python3.9/site-packages (from cookiecutter<3,>=1->inmanta-core==8.0.1.dev0) (0.2.0)\ninmanta.pip              DEBUG   Requirement already satisfied: requests>=2.23.0 in /home/florent/.virtualenvs/inmanta-core-new/lib/python3.9/site-packages (from cookiecutter<3,>=1->inmanta-core==8.0.1.dev0) (2.28.1)\ninmanta.pip              DEBUG   Requirement already satisfied: python-slugify>=4.0.0 in ./.env/lib/python3.9/site-packages (from cookiecutter<3,>=1->inmanta-core==8.0.1.dev0) (7.0.0)\ninmanta.pip              DEBUG   Requirement already satisfied: cffi>=1.12 in /home/florent/.virtualenvs/inmanta-core-new/lib/python3.9/site-packages (from cryptography<39,>=36->inmanta-core==8.0.1.dev0) (1.15.1)\ninmanta.pip              DEBUG   Requirement already satisfied: idna>=2.0.0 in /home/florent/.virtualenvs/inmanta-core-new/lib/python3.9/site-packages (from email-validator~=1.0->inmanta-core==8.0.1.dev0) (3.4)\ninmanta.pip              DEBUG   Requirement already satisfied: dnspython>=1.15.0 in /home/florent/.virtualenvs/inmanta-core-new/lib/python3.9/site-packages (from email-validator~=1.0->inmanta-core==8.0.1.dev0) (2.2.1)\ninmanta.pip              DEBUG   Requirement already satisfied: zipp>=0.5 in ./.env/lib/python3.9/site-packages (from importlib_metadata<6,>=4->inmanta-core==8.0.1.dev0) (3.11.0)\ninmanta.pip              DEBUG   Requirement already satisfied: MarkupSafe>=2.0 in /home/florent/.virtualenvs/inmanta-core-new/lib/python3.9/site-packages (from jinja2~=3.0->inmanta-core==8.0.1.dev0) (2.1.1)\ninmanta.pip              DEBUG   Requirement already satisfied: typing-extensions>=4.2.0 in /home/florent/.virtualenvs/inmanta-core-new/lib/python3.9/site-packages (from pydantic!=1.9.0a1,~=1.0->inmanta-core==8.0.1.dev0) (4.4.0)\ninmanta.pip              DEBUG   Requirement already satisfied: six in /home/florent/.virtualenvs/inmanta-core-new/lib/python3.9/site-packages (from pyformance~=0.4->inmanta-core==8.0.1.dev0) (1.16.0)\ninmanta.pip              DEBUG   Requirement already satisfied: ruamel.yaml.clib>=0.2.6 in ./.env/lib/python3.9/site-packages (from ruamel.yaml~=0.17->inmanta-core==8.0.1.dev0) (0.2.7)\ninmanta.pip              DEBUG   Requirement already satisfied: mypy-extensions>=0.3.0 in /home/florent/.virtualenvs/inmanta-core-new/lib/python3.9/site-packages (from typing_inspect~=0.7->inmanta-core==8.0.1.dev0) (0.4.3)\ninmanta.pip              DEBUG   Requirement already satisfied: chardet>=3.0.2 in ./.env/lib/python3.9/site-packages (from binaryornot>=0.4.4->cookiecutter<3,>=1->inmanta-core==8.0.1.dev0) (5.1.0)\ninmanta.pip              DEBUG   Requirement already satisfied: pycparser in /home/florent/.virtualenvs/inmanta-core-new/lib/python3.9/site-packages (from cffi>=1.12->cryptography<39,>=36->inmanta-core==8.0.1.dev0) (2.21)\ninmanta.pip              DEBUG   Requirement already satisfied: arrow in /home/florent/.virtualenvs/inmanta-core-new/lib/python3.9/site-packages (from jinja2-time>=0.2.0->cookiecutter<3,>=1->inmanta-core==8.0.1.dev0) (1.2.3)\ninmanta.pip              DEBUG   Requirement already satisfied: text-unidecode>=1.3 in /home/florent/.virtualenvs/inmanta-core-new/lib/python3.9/site-packages (from python-slugify>=4.0.0->cookiecutter<3,>=1->inmanta-core==8.0.1.dev0) (1.3)\ninmanta.pip              DEBUG   Requirement already satisfied: charset-normalizer<3,>=2 in /home/florent/.virtualenvs/inmanta-core-new/lib/python3.9/site-packages (from requests>=2.23.0->cookiecutter<3,>=1->inmanta-core==8.0.1.dev0) (2.1.1)\ninmanta.pip              DEBUG   Requirement already satisfied: urllib3<1.27,>=1.21.1 in ./.env/lib/python3.9/site-packages (from requests>=2.23.0->cookiecutter<3,>=1->inmanta-core==8.0.1.dev0) (1.26.13)\ninmanta.pip              DEBUG   Requirement already satisfied: certifi>=2017.4.17 in ./.env/lib/python3.9/site-packages (from requests>=2.23.0->cookiecutter<3,>=1->inmanta-core==8.0.1.dev0) (2022.12.7)\ninmanta.pip              DEBUG   Pip command: /tmp/tmp459tiedo/server/environments/21bd846a-5adc-4836-a59e-91f2155e5bf1/.env/bin/python -m pip install --upgrade --upgrade-strategy eager Jinja2~=3.1 email_validator~=1.3 dataclasses~=0.7; python_version < "3.7" pydantic~=1.10 inmanta-core==8.0.1.dev0\ninmanta.pip              DEBUG   Looking in indexes: https://artifacts.internal.inmanta.com/inmanta/dev\ninmanta.pip              DEBUG   Ignoring dataclasses: markers 'python_version < "3.7"' don't match your environment\ninmanta.pip              DEBUG   Requirement already satisfied: Jinja2~=3.1 in ./.env/lib/python3.9/site-packages (3.1.2)\ninmanta.pip              DEBUG   Requirement already satisfied: email_validator~=1.3 in ./.env/lib/python3.9/site-packages (1.3.0)\ninmanta.pip              DEBUG   Requirement already satisfied: pydantic~=1.10 in ./.env/lib/python3.9/site-packages (1.10.4)\ninmanta.pip              DEBUG   Requirement already satisfied: inmanta-core==8.0.1.dev0 in /home/florent/Desktop/inmanta-core/src (8.0.1.dev0)\ninmanta.pip              DEBUG   Requirement already satisfied: asyncpg~=0.25 in ./.env/lib/python3.9/site-packages (from inmanta-core==8.0.1.dev0) (0.27.0)\ninmanta.pip              DEBUG   Requirement already satisfied: click-plugins~=1.0 in /home/florent/.virtualenvs/inmanta-core-new/lib/python3.9/site-packages (from inmanta-core==8.0.1.dev0) (1.1.1)\ninmanta.pip              DEBUG   Requirement already satisfied: click<8.2,>=8.0 in ./.env/lib/python3.9/site-packages (from inmanta-core==8.0.1.dev0) (8.1.3)\ninmanta.pip              DEBUG   Requirement already satisfied: colorlog~=6.4 in ./.env/lib/python3.9/site-packages (from inmanta-core==8.0.1.dev0) (6.7.0)\ninmanta.pip              DEBUG   Requirement already satisfied: cookiecutter<3,>=1 in ./.env/lib/python3.9/site-packages (from inmanta-core==8.0.1.dev0) (2.1.1)\ninmanta.pip              DEBUG   Requirement already satisfied: crontab~=0.23 in /home/florent/.virtualenvs/inmanta-core-new/lib/python3.9/site-packages (from inmanta-core==8.0.1.dev0) (0.23.0)\ninmanta.pip              DEBUG   Requirement already satisfied: cryptography<39,>=36 in ./.env/lib/python3.9/site-packages (from inmanta-core==8.0.1.dev0) (38.0.4)\ninmanta.pip              DEBUG   Requirement already satisfied: docstring-parser<0.16,>=0.10 in ./.env/lib/python3.9/site-packages (from inmanta-core==8.0.1.dev0) (0.15)\ninmanta.pip              DEBUG   Requirement already satisfied: execnet~=1.0 in /home/florent/.virtualenvs/inmanta-core-new/lib/python3.9/site-packages (from inmanta-core==8.0.1.dev0) (1.9.0)\ninmanta.pip              DEBUG   Requirement already satisfied: importlib_metadata<6,>=4 in ./.env/lib/python3.9/site-packages (from inmanta-core==8.0.1.dev0) (5.2.0)\ninmanta.pip              DEBUG   Requirement already satisfied: more-itertools<10,>=8 in ./.env/lib/python3.9/site-packages (from inmanta-core==8.0.1.dev0) (9.0.0)\ninmanta.pip              DEBUG   Requirement already satisfied: netifaces~=0.11 in /home/florent/.virtualenvs/inmanta-core-new/lib/python3.9/site-packages (from inmanta-core==8.0.1.dev0) (0.11.0)\ninmanta.pip              DEBUG   Requirement already satisfied: packaging<23.0,>=21.3 in ./.env/lib/python3.9/site-packages (from inmanta-core==8.0.1.dev0) (22.0)\ninmanta.pip              DEBUG   Requirement already satisfied: pip>=21.3 in ./.env/lib/python3.9/site-packages (from inmanta-core==8.0.1.dev0) (22.3.1)\ninmanta.pip              DEBUG   Requirement already satisfied: ply~=3.0 in /home/florent/.virtualenvs/inmanta-core-new/lib/python3.9/site-packages (from inmanta-core==8.0.1.dev0) (3.11)\ninmanta.pip              DEBUG   Requirement already satisfied: pyformance~=0.4 in /home/florent/.virtualenvs/inmanta-core-new/lib/python3.9/site-packages (from inmanta-core==8.0.1.dev0) (0.4)\ninmanta.pip              DEBUG   Requirement already satisfied: PyJWT~=2.0 in ./.env/lib/python3.9/site-packages (from inmanta-core==8.0.1.dev0) (2.6.0)\ninmanta.pip              DEBUG   Requirement already satisfied: python-dateutil~=2.0 in /home/florent/.virtualenvs/inmanta-core-new/lib/python3.9/site-packages (from inmanta-core==8.0.1.dev0) (2.8.2)\ninmanta.pip              DEBUG   Requirement already satisfied: pyyaml~=6.0 in /home/florent/.virtualenvs/inmanta-core-new/lib/python3.9/site-packages (from inmanta-core==8.0.1.dev0) (6.0)\ninmanta.pip              DEBUG   Requirement already satisfied: texttable~=1.0 in ./.env/lib/python3.9/site-packages (from inmanta-core==8.0.1.dev0) (1.6.7)\ninmanta.pip              DEBUG   Requirement already satisfied: tornado~=6.0 in ./.env/lib/python3.9/site-packages (from inmanta-core==8.0.1.dev0) (6.2)\ninmanta.pip              DEBUG   Requirement already satisfied: typing_inspect~=0.7 in ./.env/lib/python3.9/site-packages (from inmanta-core==8.0.1.dev0) (0.8.0)\ninmanta.pip              DEBUG   Requirement already satisfied: build~=0.7 in ./.env/lib/python3.9/site-packages (from inmanta-core==8.0.1.dev0) (0.9.0)\ninmanta.pip              DEBUG   Requirement already satisfied: ruamel.yaml~=0.17 in /home/florent/.virtualenvs/inmanta-core-new/lib/python3.9/site-packages (from inmanta-core==8.0.1.dev0) (0.17.21)\ninmanta.pip              DEBUG   Requirement already satisfied: toml~=0.10 in /home/florent/.virtualenvs/inmanta-core-new/lib/python3.9/site-packages (from inmanta-core==8.0.1.dev0) (0.10.2)\ninmanta.pip              DEBUG   Requirement already satisfied: MarkupSafe>=2.0 in /home/florent/.virtualenvs/inmanta-core-new/lib/python3.9/site-packages (from Jinja2~=3.1) (2.1.1)\ninmanta.pip              DEBUG   Requirement already satisfied: dnspython>=1.15.0 in /home/florent/.virtualenvs/inmanta-core-new/lib/python3.9/site-packages (from email_validator~=1.3) (2.2.1)\ninmanta.pip              DEBUG   Requirement already satisfied: idna>=2.0.0 in /home/florent/.virtualenvs/inmanta-core-new/lib/python3.9/site-packages (from email_validator~=1.3) (3.4)\ninmanta.pip              DEBUG   Requirement already satisfied: typing-extensions>=4.2.0 in /home/florent/.virtualenvs/inmanta-core-new/lib/python3.9/site-packages (from pydantic~=1.10) (4.4.0)\ninmanta.pip              DEBUG   Requirement already satisfied: tomli>=1.0.0 in /home/florent/.virtualenvs/inmanta-core-new/lib/python3.9/site-packages (from build~=0.7->inmanta-core==8.0.1.dev0) (2.0.1)\ninmanta.pip              DEBUG   Requirement already satisfied: pep517>=0.9.1 in /home/florent/.virtualenvs/inmanta-core-new/lib/python3.9/site-packages (from build~=0.7->inmanta-core==8.0.1.dev0) (0.13.0)\ninmanta.pip              DEBUG   Requirement already satisfied: requests>=2.23.0 in /home/florent/.virtualenvs/inmanta-core-new/lib/python3.9/site-packages (from cookiecutter<3,>=1->inmanta-core==8.0.1.dev0) (2.28.1)\ninmanta.pip              DEBUG   Requirement already satisfied: python-slugify>=4.0.0 in ./.env/lib/python3.9/site-packages (from cookiecutter<3,>=1->inmanta-core==8.0.1.dev0) (7.0.0)\ninmanta.pip              DEBUG   Requirement already satisfied: jinja2-time>=0.2.0 in /home/florent/.virtualenvs/inmanta-core-new/lib/python3.9/site-packages (from cookiecutter<3,>=1->inmanta-core==8.0.1.dev0) (0.2.0)\ninmanta.pip              DEBUG   Requirement already satisfied: binaryornot>=0.4.4 in /home/florent/.virtualenvs/inmanta-core-new/lib/python3.9/site-packages (from cookiecutter<3,>=1->inmanta-core==8.0.1.dev0) (0.4.4)\ninmanta.pip              DEBUG   Requirement already satisfied: cffi>=1.12 in /home/florent/.virtualenvs/inmanta-core-new/lib/python3.9/site-packages (from cryptography<39,>=36->inmanta-core==8.0.1.dev0) (1.15.1)\ninmanta.pip              DEBUG   Requirement already satisfied: zipp>=0.5 in ./.env/lib/python3.9/site-packages (from importlib_metadata<6,>=4->inmanta-core==8.0.1.dev0) (3.11.0)\ninmanta.pip              DEBUG   Requirement already satisfied: six in /home/florent/.virtualenvs/inmanta-core-new/lib/python3.9/site-packages (from pyformance~=0.4->inmanta-core==8.0.1.dev0) (1.16.0)\ninmanta.pip              DEBUG   Requirement already satisfied: ruamel.yaml.clib>=0.2.6 in ./.env/lib/python3.9/site-packages (from ruamel.yaml~=0.17->inmanta-core==8.0.1.dev0) (0.2.7)\ninmanta.pip              DEBUG   Requirement already satisfied: mypy-extensions>=0.3.0 in /home/florent/.virtualenvs/inmanta-core-new/lib/python3.9/site-packages (from typing_inspect~=0.7->inmanta-core==8.0.1.dev0) (0.4.3)\ninmanta.pip              DEBUG   Requirement already satisfied: chardet>=3.0.2 in ./.env/lib/python3.9/site-packages (from binaryornot>=0.4.4->cookiecutter<3,>=1->inmanta-core==8.0.1.dev0) (5.1.0)\ninmanta.pip              DEBUG   Requirement already satisfied: pycparser in /home/florent/.virtualenvs/inmanta-core-new/lib/python3.9/site-packages (from cffi>=1.12->cryptography<39,>=36->inmanta-core==8.0.1.dev0) (2.21)\ninmanta.pip              DEBUG   Requirement already satisfied: arrow in /home/florent/.virtualenvs/inmanta-core-new/lib/python3.9/site-packages (from jinja2-time>=0.2.0->cookiecutter<3,>=1->inmanta-core==8.0.1.dev0) (1.2.3)\ninmanta.pip              DEBUG   Requirement already satisfied: text-unidecode>=1.3 in /home/florent/.virtualenvs/inmanta-core-new/lib/python3.9/site-packages (from python-slugify>=4.0.0->cookiecutter<3,>=1->inmanta-core==8.0.1.dev0) (1.3)\ninmanta.pip              DEBUG   Requirement already satisfied: certifi>=2017.4.17 in ./.env/lib/python3.9/site-packages (from requests>=2.23.0->cookiecutter<3,>=1->inmanta-core==8.0.1.dev0) (2022.12.7)\ninmanta.pip              DEBUG   Requirement already satisfied: charset-normalizer<3,>=2 in /home/florent/.virtualenvs/inmanta-core-new/lib/python3.9/site-packages (from requests>=2.23.0->cookiecutter<3,>=1->inmanta-core==8.0.1.dev0) (2.1.1)\ninmanta.pip              DEBUG   Requirement already satisfied: urllib3<1.27,>=1.21.1 in ./.env/lib/python3.9/site-packages (from requests>=2.23.0->cookiecutter<3,>=1->inmanta-core==8.0.1.dev0) (1.26.13)\ninmanta.module           INFO    verifying project\ninmanta.moduletool       INFO    Performing update attempt 2 of 5\ninmanta.module           DEBUG   Parsing took 0.000025 seconds\ninmanta.parser.cache     DEBUG   Compiler cache observed 3 hits and 0 misses (100%)\ninmanta.pip              DEBUG   Pip command: /tmp/tmp459tiedo/server/environments/21bd846a-5adc-4836-a59e-91f2155e5bf1/.env/bin/python -m pip install --upgrade --upgrade-strategy only-if-needed inmanta-module-std inmanta-core==8.0.1.dev0 --no-index\ninmanta.pip              DEBUG   Requirement already satisfied: inmanta-module-std in /home/florent/.virtualenvs/inmanta-core-new/lib/python3.9/site-packages (4.0.1)\ninmanta.pip              DEBUG   Requirement already satisfied: inmanta-core==8.0.1.dev0 in /home/florent/Desktop/inmanta-core/src (8.0.1.dev0)\ninmanta.pip              DEBUG   Requirement already satisfied: asyncpg~=0.25 in ./.env/lib/python3.9/site-packages (from inmanta-core==8.0.1.dev0) (0.27.0)\ninmanta.pip              DEBUG   Requirement already satisfied: click-plugins~=1.0 in /home/florent/.virtualenvs/inmanta-core-new/lib/python3.9/site-packages (from inmanta-core==8.0.1.dev0) (1.1.1)\ninmanta.pip              DEBUG   Requirement already satisfied: click<8.2,>=8.0 in ./.env/lib/python3.9/site-packages (from inmanta-core==8.0.1.dev0) (8.1.3)\ninmanta.pip              DEBUG   Requirement already satisfied: colorlog~=6.4 in ./.env/lib/python3.9/site-packages (from inmanta-core==8.0.1.dev0) (6.7.0)\ninmanta.pip              DEBUG   Requirement already satisfied: cookiecutter<3,>=1 in ./.env/lib/python3.9/site-packages (from inmanta-core==8.0.1.dev0) (2.1.1)\ninmanta.pip              DEBUG   Requirement already satisfied: crontab~=0.23 in /home/florent/.virtualenvs/inmanta-core-new/lib/python3.9/site-packages (from inmanta-core==8.0.1.dev0) (0.23.0)\ninmanta.pip              DEBUG   Requirement already satisfied: cryptography<39,>=36 in ./.env/lib/python3.9/site-packages (from inmanta-core==8.0.1.dev0) (38.0.4)\ninmanta.pip              DEBUG   Requirement already satisfied: docstring-parser<0.16,>=0.10 in ./.env/lib/python3.9/site-packages (from inmanta-core==8.0.1.dev0) (0.15)\ninmanta.pip              DEBUG   Requirement already satisfied: email-validator~=1.0 in ./.env/lib/python3.9/site-packages (from inmanta-core==8.0.1.dev0) (1.3.0)\ninmanta.pip              DEBUG   Requirement already satisfied: execnet~=1.0 in /home/florent/.virtualenvs/inmanta-core-new/lib/python3.9/site-packages (from inmanta-core==8.0.1.dev0) (1.9.0)\ninmanta.pip              DEBUG   Requirement already satisfied: importlib_metadata<6,>=4 in ./.env/lib/python3.9/site-packages (from inmanta-core==8.0.1.dev0) (5.2.0)\ninmanta.pip              DEBUG   Requirement already satisfied: jinja2~=3.0 in ./.env/lib/python3.9/site-packages (from inmanta-core==8.0.1.dev0) (3.1.2)\ninmanta.pip              DEBUG   Requirement already satisfied: more-itertools<10,>=8 in ./.env/lib/python3.9/site-packages (from inmanta-core==8.0.1.dev0) (9.0.0)\ninmanta.pip              DEBUG   Requirement already satisfied: netifaces~=0.11 in /home/florent/.virtualenvs/inmanta-core-new/lib/python3.9/site-packages (from inmanta-core==8.0.1.dev0) (0.11.0)\ninmanta.pip              DEBUG   Requirement already satisfied: packaging<23.0,>=21.3 in ./.env/lib/python3.9/site-packages (from inmanta-core==8.0.1.dev0) (22.0)\ninmanta.pip              DEBUG   Requirement already satisfied: pip>=21.3 in ./.env/lib/python3.9/site-packages (from inmanta-core==8.0.1.dev0) (22.3.1)\ninmanta.pip              DEBUG   Requirement already satisfied: ply~=3.0 in /home/florent/.virtualenvs/inmanta-core-new/lib/python3.9/site-packages (from inmanta-core==8.0.1.dev0) (3.11)\ninmanta.pip              DEBUG   Requirement already satisfied: pydantic!=1.9.0a1,~=1.0 in ./.env/lib/python3.9/site-packages (from inmanta-core==8.0.1.dev0) (1.10.4)\ninmanta.pip              DEBUG   Requirement already satisfied: pyformance~=0.4 in /home/florent/.virtualenvs/inmanta-core-new/lib/python3.9/site-packages (from inmanta-core==8.0.1.dev0) (0.4)\ninmanta.pip              DEBUG   Requirement already satisfied: PyJWT~=2.0 in ./.env/lib/python3.9/site-packages (from inmanta-core==8.0.1.dev0) (2.6.0)\ninmanta.pip              DEBUG   Requirement already satisfied: python-dateutil~=2.0 in /home/florent/.virtualenvs/inmanta-core-new/lib/python3.9/site-packages (from inmanta-core==8.0.1.dev0) (2.8.2)\ninmanta.pip              DEBUG   Requirement already satisfied: pyyaml~=6.0 in /home/florent/.virtualenvs/inmanta-core-new/lib/python3.9/site-packages (from inmanta-core==8.0.1.dev0) (6.0)\ninmanta.pip              DEBUG   Requirement already satisfied: texttable~=1.0 in ./.env/lib/python3.9/site-packages (from inmanta-core==8.0.1.dev0) (1.6.7)\ninmanta.pip              DEBUG   Requirement already satisfied: tornado~=6.0 in ./.env/lib/python3.9/site-packages (from inmanta-core==8.0.1.dev0) (6.2)\ninmanta.pip              DEBUG   Requirement already satisfied: typing_inspect~=0.7 in ./.env/lib/python3.9/site-packages (from inmanta-core==8.0.1.dev0) (0.8.0)\ninmanta.pip              DEBUG   Requirement already satisfied: build~=0.7 in ./.env/lib/python3.9/site-packages (from inmanta-core==8.0.1.dev0) (0.9.0)\ninmanta.pip              DEBUG   Requirement already satisfied: ruamel.yaml~=0.17 in /home/florent/.virtualenvs/inmanta-core-new/lib/python3.9/site-packages (from inmanta-core==8.0.1.dev0) (0.17.21)\ninmanta.pip              DEBUG   Requirement already satisfied: toml~=0.10 in /home/florent/.virtualenvs/inmanta-core-new/lib/python3.9/site-packages (from inmanta-core==8.0.1.dev0) (0.10.2)\ninmanta.pip              DEBUG   Requirement already satisfied: tomli>=1.0.0 in /home/florent/.virtualenvs/inmanta-core-new/lib/python3.9/site-packages (from build~=0.7->inmanta-core==8.0.1.dev0) (2.0.1)\ninmanta.pip              DEBUG   Requirement already satisfied: pep517>=0.9.1 in /home/florent/.virtualenvs/inmanta-core-new/lib/python3.9/site-packages (from build~=0.7->inmanta-core==8.0.1.dev0) (0.13.0)\ninmanta.pip              DEBUG   Requirement already satisfied: requests>=2.23.0 in /home/florent/.virtualenvs/inmanta-core-new/lib/python3.9/site-packages (from cookiecutter<3,>=1->inmanta-core==8.0.1.dev0) (2.28.1)\ninmanta.pip              DEBUG   Requirement already satisfied: binaryornot>=0.4.4 in /home/florent/.virtualenvs/inmanta-core-new/lib/python3.9/site-packages (from cookiecutter<3,>=1->inmanta-core==8.0.1.dev0) (0.4.4)\ninmanta.pip              DEBUG   Requirement already satisfied: python-slugify>=4.0.0 in ./.env/lib/python3.9/site-packages (from cookiecutter<3,>=1->inmanta-core==8.0.1.dev0) (7.0.0)\ninmanta.pip              DEBUG   Requirement already satisfied: jinja2-time>=0.2.0 in /home/florent/.virtualenvs/inmanta-core-new/lib/python3.9/site-packages (from cookiecutter<3,>=1->inmanta-core==8.0.1.dev0) (0.2.0)\ninmanta.pip              DEBUG   Requirement already satisfied: cffi>=1.12 in /home/florent/.virtualenvs/inmanta-core-new/lib/python3.9/site-packages (from cryptography<39,>=36->inmanta-core==8.0.1.dev0) (1.15.1)\ninmanta.pip              DEBUG   Requirement already satisfied: dnspython>=1.15.0 in /home/florent/.virtualenvs/inmanta-core-new/lib/python3.9/site-packages (from email-validator~=1.0->inmanta-core==8.0.1.dev0) (2.2.1)\ninmanta.pip              DEBUG   Requirement already satisfied: idna>=2.0.0 in /home/florent/.virtualenvs/inmanta-core-new/lib/python3.9/site-packages (from email-validator~=1.0->inmanta-core==8.0.1.dev0) (3.4)\ninmanta.pip              DEBUG   Requirement already satisfied: zipp>=0.5 in ./.env/lib/python3.9/site-packages (from importlib_metadata<6,>=4->inmanta-core==8.0.1.dev0) (3.11.0)\ninmanta.pip              DEBUG   Requirement already satisfied: MarkupSafe>=2.0 in /home/florent/.virtualenvs/inmanta-core-new/lib/python3.9/site-packages (from jinja2~=3.0->inmanta-core==8.0.1.dev0) (2.1.1)\ninmanta.pip              DEBUG   Requirement already satisfied: typing-extensions>=4.2.0 in /home/florent/.virtualenvs/inmanta-core-new/lib/python3.9/site-packages (from pydantic!=1.9.0a1,~=1.0->inmanta-core==8.0.1.dev0) (4.4.0)\ninmanta.pip              DEBUG   Requirement already satisfied: six in /home/florent/.virtualenvs/inmanta-core-new/lib/python3.9/site-packages (from pyformance~=0.4->inmanta-core==8.0.1.dev0) (1.16.0)\ninmanta.pip              DEBUG   Requirement already satisfied: ruamel.yaml.clib>=0.2.6 in ./.env/lib/python3.9/site-packages (from ruamel.yaml~=0.17->inmanta-core==8.0.1.dev0) (0.2.7)\ninmanta.pip              DEBUG   Requirement already satisfied: mypy-extensions>=0.3.0 in /home/florent/.virtualenvs/inmanta-core-new/lib/python3.9/site-packages (from typing_inspect~=0.7->inmanta-core==8.0.1.dev0) (0.4.3)\ninmanta.pip              DEBUG   Requirement already satisfied: chardet>=3.0.2 in ./.env/lib/python3.9/site-packages (from binaryornot>=0.4.4->cookiecutter<3,>=1->inmanta-core==8.0.1.dev0) (5.1.0)\ninmanta.pip              DEBUG   Requirement already satisfied: pycparser in /home/florent/.virtualenvs/inmanta-core-new/lib/python3.9/site-packages (from cffi>=1.12->cryptography<39,>=36->inmanta-core==8.0.1.dev0) (2.21)\ninmanta.pip              DEBUG   Requirement already satisfied: arrow in /home/florent/.virtualenvs/inmanta-core-new/lib/python3.9/site-packages (from jinja2-time>=0.2.0->cookiecutter<3,>=1->inmanta-core==8.0.1.dev0) (1.2.3)\ninmanta.pip              DEBUG   Requirement already satisfied: text-unidecode>=1.3 in /home/florent/.virtualenvs/inmanta-core-new/lib/python3.9/site-packages (from python-slugify>=4.0.0->cookiecutter<3,>=1->inmanta-core==8.0.1.dev0) (1.3)\ninmanta.pip              DEBUG   Requirement already satisfied: urllib3<1.27,>=1.21.1 in ./.env/lib/python3.9/site-packages (from requests>=2.23.0->cookiecutter<3,>=1->inmanta-core==8.0.1.dev0) (1.26.13)\ninmanta.pip              DEBUG   Requirement already satisfied: certifi>=2017.4.17 in ./.env/lib/python3.9/site-packages (from requests>=2.23.0->cookiecutter<3,>=1->inmanta-core==8.0.1.dev0) (2022.12.7)\ninmanta.pip              DEBUG   Requirement already satisfied: charset-normalizer<3,>=2 in /home/florent/.virtualenvs/inmanta-core-new/lib/python3.9/site-packages (from requests>=2.23.0->cookiecutter<3,>=1->inmanta-core==8.0.1.dev0) (2.1.1)\ninmanta.pip              DEBUG   Pip command: /tmp/tmp459tiedo/server/environments/21bd846a-5adc-4836-a59e-91f2155e5bf1/.env/bin/python -m pip install --upgrade --upgrade-strategy eager Jinja2~=3.1 email_validator~=1.3 dataclasses~=0.7; python_version < "3.7" pydantic~=1.10 inmanta-core==8.0.1.dev0\ninmanta.pip              DEBUG   Looking in indexes: https://artifacts.internal.inmanta.com/inmanta/dev\ninmanta.pip              DEBUG   Ignoring dataclasses: markers 'python_version < "3.7"' don't match your environment\ninmanta.pip              DEBUG   Requirement already satisfied: Jinja2~=3.1 in ./.env/lib/python3.9/site-packages (3.1.2)\ninmanta.pip              DEBUG   Requirement already satisfied: email_validator~=1.3 in ./.env/lib/python3.9/site-packages (1.3.0)\ninmanta.pip              DEBUG   Requirement already satisfied: pydantic~=1.10 in ./.env/lib/python3.9/site-packages (1.10.4)\ninmanta.pip              DEBUG   Requirement already satisfied: inmanta-core==8.0.1.dev0 in /home/florent/Desktop/inmanta-core/src (8.0.1.dev0)\ninmanta.pip              DEBUG   Requirement already satisfied: asyncpg~=0.25 in ./.env/lib/python3.9/site-packages (from inmanta-core==8.0.1.dev0) (0.27.0)\ninmanta.pip              DEBUG   Requirement already satisfied: click-plugins~=1.0 in /home/florent/.virtualenvs/inmanta-core-new/lib/python3.9/site-packages (from inmanta-core==8.0.1.dev0) (1.1.1)\ninmanta.pip              DEBUG   Requirement already satisfied: click<8.2,>=8.0 in ./.env/lib/python3.9/site-packages (from inmanta-core==8.0.1.dev0) (8.1.3)\ninmanta.pip              DEBUG   Requirement already satisfied: colorlog~=6.4 in ./.env/lib/python3.9/site-packages (from inmanta-core==8.0.1.dev0) (6.7.0)\ninmanta.pip              DEBUG   Requirement already satisfied: cookiecutter<3,>=1 in ./.env/lib/python3.9/site-packages (from inmanta-core==8.0.1.dev0) (2.1.1)\ninmanta.pip              DEBUG   Requirement already satisfied: crontab~=0.23 in /home/florent/.virtualenvs/inmanta-core-new/lib/python3.9/site-packages (from inmanta-core==8.0.1.dev0) (0.23.0)\ninmanta.pip              DEBUG   Requirement already satisfied: cryptography<39,>=36 in ./.env/lib/python3.9/site-packages (from inmanta-core==8.0.1.dev0) (38.0.4)\ninmanta.pip              DEBUG   Requirement already satisfied: docstring-parser<0.16,>=0.10 in ./.env/lib/python3.9/site-packages (from inmanta-core==8.0.1.dev0) (0.15)\ninmanta.pip              DEBUG   Requirement already satisfied: execnet~=1.0 in /home/florent/.virtualenvs/inmanta-core-new/lib/python3.9/site-packages (from inmanta-core==8.0.1.dev0) (1.9.0)\ninmanta.pip              DEBUG   Requirement already satisfied: importlib_metadata<6,>=4 in ./.env/lib/python3.9/site-packages (from inmanta-core==8.0.1.dev0) (5.2.0)\ninmanta.pip              DEBUG   Requirement already satisfied: more-itertools<10,>=8 in ./.env/lib/python3.9/site-packages (from inmanta-core==8.0.1.dev0) (9.0.0)\ninmanta.pip              DEBUG   Requirement already satisfied: netifaces~=0.11 in /home/florent/.virtualenvs/inmanta-core-new/lib/python3.9/site-packages (from inmanta-core==8.0.1.dev0) (0.11.0)\ninmanta.pip              DEBUG   Requirement already satisfied: packaging<23.0,>=21.3 in ./.env/lib/python3.9/site-packages (from inmanta-core==8.0.1.dev0) (22.0)\ninmanta.pip              DEBUG   Requirement already satisfied: pip>=21.3 in ./.env/lib/python3.9/site-packages (from inmanta-core==8.0.1.dev0) (22.3.1)\ninmanta.pip              DEBUG   Requirement already satisfied: ply~=3.0 in /home/florent/.virtualenvs/inmanta-core-new/lib/python3.9/site-packages (from inmanta-core==8.0.1.dev0) (3.11)\ninmanta.pip              DEBUG   Requirement already satisfied: pyformance~=0.4 in /home/florent/.virtualenvs/inmanta-core-new/lib/python3.9/site-packages (from inmanta-core==8.0.1.dev0) (0.4)\ninmanta.pip              DEBUG   Requirement already satisfied: PyJWT~=2.0 in ./.env/lib/python3.9/site-packages (from inmanta-core==8.0.1.dev0) (2.6.0)\ninmanta.pip              DEBUG   Requirement already satisfied: python-dateutil~=2.0 in /home/florent/.virtualenvs/inmanta-core-new/lib/python3.9/site-packages (from inmanta-core==8.0.1.dev0) (2.8.2)\ninmanta.pip              DEBUG   Requirement already satisfied: pyyaml~=6.0 in /home/florent/.virtualenvs/inmanta-core-new/lib/python3.9/site-packages (from inmanta-core==8.0.1.dev0) (6.0)\ninmanta.pip              DEBUG   Requirement already satisfied: texttable~=1.0 in ./.env/lib/python3.9/site-packages (from inmanta-core==8.0.1.dev0) (1.6.7)\ninmanta.pip              DEBUG   Requirement already satisfied: tornado~=6.0 in ./.env/lib/python3.9/site-packages (from inmanta-core==8.0.1.dev0) (6.2)\ninmanta.pip              DEBUG   Requirement already satisfied: typing_inspect~=0.7 in ./.env/lib/python3.9/site-packages (from inmanta-core==8.0.1.dev0) (0.8.0)\ninmanta.pip              DEBUG   Requirement already satisfied: build~=0.7 in ./.env/lib/python3.9/site-packages (from inmanta-core==8.0.1.dev0) (0.9.0)\ninmanta.pip              DEBUG   Requirement already satisfied: ruamel.yaml~=0.17 in /home/florent/.virtualenvs/inmanta-core-new/lib/python3.9/site-packages (from inmanta-core==8.0.1.dev0) (0.17.21)\ninmanta.pip              DEBUG   Requirement already satisfied: toml~=0.10 in /home/florent/.virtualenvs/inmanta-core-new/lib/python3.9/site-packages (from inmanta-core==8.0.1.dev0) (0.10.2)\ninmanta.pip              DEBUG   Requirement already satisfied: MarkupSafe>=2.0 in /home/florent/.virtualenvs/inmanta-core-new/lib/python3.9/site-packages (from Jinja2~=3.1) (2.1.1)\ninmanta.pip              DEBUG   Requirement already satisfied: idna>=2.0.0 in /home/florent/.virtualenvs/inmanta-core-new/lib/python3.9/site-packages (from email_validator~=1.3) (3.4)\ninmanta.pip              DEBUG   Requirement already satisfied: dnspython>=1.15.0 in /home/florent/.virtualenvs/inmanta-core-new/lib/python3.9/site-packages (from email_validator~=1.3) (2.2.1)\ninmanta.pip              DEBUG   Requirement already satisfied: typing-extensions>=4.2.0 in /home/florent/.virtualenvs/inmanta-core-new/lib/python3.9/site-packages (from pydantic~=1.10) (4.4.0)\ninmanta.pip              DEBUG   Requirement already satisfied: pep517>=0.9.1 in /home/florent/.virtualenvs/inmanta-core-new/lib/python3.9/site-packages (from build~=0.7->inmanta-core==8.0.1.dev0) (0.13.0)\ninmanta.pip              DEBUG   Requirement already satisfied: tomli>=1.0.0 in /home/florent/.virtualenvs/inmanta-core-new/lib/python3.9/site-packages (from build~=0.7->inmanta-core==8.0.1.dev0) (2.0.1)\ninmanta.pip              DEBUG   Requirement already satisfied: python-slugify>=4.0.0 in ./.env/lib/python3.9/site-packages (from cookiecutter<3,>=1->inmanta-core==8.0.1.dev0) (7.0.0)\ninmanta.pip              DEBUG   Requirement already satisfied: binaryornot>=0.4.4 in /home/florent/.virtualenvs/inmanta-core-new/lib/python3.9/site-packages (from cookiecutter<3,>=1->inmanta-core==8.0.1.dev0) (0.4.4)\ninmanta.pip              DEBUG   Requirement already satisfied: jinja2-time>=0.2.0 in /home/florent/.virtualenvs/inmanta-core-new/lib/python3.9/site-packages (from cookiecutter<3,>=1->inmanta-core==8.0.1.dev0) (0.2.0)\ninmanta.pip              DEBUG   Requirement already satisfied: requests>=2.23.0 in /home/florent/.virtualenvs/inmanta-core-new/lib/python3.9/site-packages (from cookiecutter<3,>=1->inmanta-core==8.0.1.dev0) (2.28.1)\ninmanta.pip              DEBUG   Requirement already satisfied: cffi>=1.12 in /home/florent/.virtualenvs/inmanta-core-new/lib/python3.9/site-packages (from cryptography<39,>=36->inmanta-core==8.0.1.dev0) (1.15.1)\ninmanta.pip              DEBUG   Requirement already satisfied: zipp>=0.5 in ./.env/lib/python3.9/site-packages (from importlib_metadata<6,>=4->inmanta-core==8.0.1.dev0) (3.11.0)\ninmanta.pip              DEBUG   Requirement already satisfied: six in /home/florent/.virtualenvs/inmanta-core-new/lib/python3.9/site-packages (from pyformance~=0.4->inmanta-core==8.0.1.dev0) (1.16.0)\ninmanta.pip              DEBUG   Requirement already satisfied: ruamel.yaml.clib>=0.2.6 in ./.env/lib/python3.9/site-packages (from ruamel.yaml~=0.17->inmanta-core==8.0.1.dev0) (0.2.7)\ninmanta.pip              DEBUG   Requirement already satisfied: mypy-extensions>=0.3.0 in /home/florent/.virtualenvs/inmanta-core-new/lib/python3.9/site-packages (from typing_inspect~=0.7->inmanta-core==8.0.1.dev0) (0.4.3)\ninmanta.pip              DEBUG   Requirement already satisfied: chardet>=3.0.2 in ./.env/lib/python3.9/site-packages (from binaryornot>=0.4.4->cookiecutter<3,>=1->inmanta-core==8.0.1.dev0) (5.1.0)\ninmanta.pip              DEBUG   Requirement already satisfied: pycparser in /home/florent/.virtualenvs/inmanta-core-new/lib/python3.9/site-packages (from cffi>=1.12->cryptography<39,>=36->inmanta-core==8.0.1.dev0) (2.21)\ninmanta.pip              DEBUG   Requirement already satisfied: arrow in /home/florent/.virtualenvs/inmanta-core-new/lib/python3.9/site-packages (from jinja2-time>=0.2.0->cookiecutter<3,>=1->inmanta-core==8.0.1.dev0) (1.2.3)\ninmanta.pip              DEBUG   Requirement already satisfied: text-unidecode>=1.3 in /home/florent/.virtualenvs/inmanta-core-new/lib/python3.9/site-packages (from python-slugify>=4.0.0->cookiecutter<3,>=1->inmanta-core==8.0.1.dev0) (1.3)\ninmanta.pip              DEBUG   Requirement already satisfied: charset-normalizer<3,>=2 in /home/florent/.virtualenvs/inmanta-core-new/lib/python3.9/site-packages (from requests>=2.23.0->cookiecutter<3,>=1->inmanta-core==8.0.1.dev0) (2.1.1)\ninmanta.pip              DEBUG   Requirement already satisfied: urllib3<1.27,>=1.21.1 in ./.env/lib/python3.9/site-packages (from requests>=2.23.0->cookiecutter<3,>=1->inmanta-core==8.0.1.dev0) (1.26.13)\ninmanta.pip              DEBUG   Requirement already satisfied: certifi>=2017.4.17 in ./.env/lib/python3.9/site-packages (from requests>=2.23.0->cookiecutter<3,>=1->inmanta-core==8.0.1.dev0) (2022.12.7)\ninmanta.module           INFO    verifying project\n	0	fb7b01cd-9275-4f79-8557-42e8fdf00f8c
\.


--
-- Data for Name: resource; Type: TABLE DATA; Schema: public; Owner: -
--

COPY public.resource (environment, model, resource_id, agent, last_deploy, attributes, attribute_hash, status, provides, resource_type, resource_id_value, last_non_deploying_status, resource_set) FROM stdin;
21bd846a-5adc-4836-a59e-91f2155e5bf1	1	std::AgentConfig[internal,agentname=localhost]	internal	2023-01-10 13:37:48.664673+01	{"uri": "local:", "purged": false, "version": 1, "requires": [], "agentname": "localhost", "autostart": true, "send_event": false, "purge_on_delete": false}	57a3c0cc2657fc65ab59ca7c97f52d80	deployed	{"std::File[localhost,path=/tmp/test]"}	std::AgentConfig	localhost	deployed	\N
21bd846a-5adc-4836-a59e-91f2155e5bf1	1	std::File[localhost,path=/tmp/test]	localhost	2023-01-10 13:37:50.80134+01	{"hash": "7110eda4d09e062aa5e4a390b0a572ac0d2c0220", "path": "/tmp/test", "group": "root", "owner": "root", "purged": false, "reload": false, "version": 1, "requires": ["std::AgentConfig[internal,agentname=localhost]"], "send_event": false, "permissions": 644, "purge_on_delete": false}	af78dd949dae28f78c1acf515ca0beec	failed	{}	std::File	/tmp/test	failed	\N
21bd846a-5adc-4836-a59e-91f2155e5bf1	2	std::AgentConfig[internal,agentname=localhost]	internal	2023-01-10 13:38:02.068882+01	{"uri": "local:", "purged": false, "version": 2, "requires": [], "agentname": "localhost", "autostart": true, "send_event": false, "purge_on_delete": false}	57a3c0cc2657fc65ab59ca7c97f52d80	deployed	{"std::File[localhost,path=/tmp/test]"}	std::AgentConfig	localhost	deployed	\N
21bd846a-5adc-4836-a59e-91f2155e5bf1	2	std::File[localhost,path=/tmp/test]	localhost	2023-01-10 13:38:02.204579+01	{"hash": "7110eda4d09e062aa5e4a390b0a572ac0d2c0220", "path": "/tmp/test", "group": "root", "owner": "root", "purged": false, "reload": false, "version": 2, "requires": ["std::AgentConfig[internal,agentname=localhost]"], "send_event": false, "permissions": 644, "purge_on_delete": false}	af78dd949dae28f78c1acf515ca0beec	failed	{}	std::File	/tmp/test	failed	\N
\.


--
-- Data for Name: resourceaction; Type: TABLE DATA; Schema: public; Owner: -
--

COPY public.resourceaction (action_id, action, started, finished, messages, status, changes, change, environment, version, resource_version_ids) FROM stdin;
191ef927-1753-47b5-9711-458087fcf5a4	store	2023-01-10 13:37:44.604351+01	2023-01-10 13:37:45.195146+01	{"{\\"msg\\": \\"Successfully stored version 1\\", \\"args\\": [], \\"level\\": \\"INFO\\", \\"kwargs\\": {\\"version\\": 1}, \\"timestamp\\": \\"2023-01-10T13:37:45.195166+01:00\\"}"}	\N	\N	\N	21bd846a-5adc-4836-a59e-91f2155e5bf1	1	{"std::File[localhost,path=/tmp/test],v=1","std::AgentConfig[internal,agentname=localhost],v=1"}
7c9e7fb1-a1e6-46d1-8473-8e30b6f9b6ca	pull	2023-01-10 13:37:46.134882+01	2023-01-10 13:37:46.695766+01	{"{\\"msg\\": \\"Resource version pulled by client for agent internal state\\", \\"args\\": [], \\"level\\": \\"INFO\\", \\"kwargs\\": {\\"agent\\": \\"internal\\"}, \\"timestamp\\": \\"2023-01-10T13:37:46.695787+01:00\\"}"}	\N	\N	\N	21bd846a-5adc-4836-a59e-91f2155e5bf1	1	{"std::AgentConfig[internal,agentname=localhost],v=1"}
3972e319-2e64-4370-badb-e010fbc77f2f	deploy	2023-01-10 13:37:48.649263+01	2023-01-10 13:37:48.664673+01	{"{\\"msg\\": \\"Start run for resource std::AgentConfig[internal,agentname=localhost],v=1 because Repair run started at 2023-01-10 13:37:46+0100\\", \\"args\\": [], \\"level\\": \\"DEBUG\\", \\"kwargs\\": {\\"agent\\": \\"internal\\", \\"reason\\": \\"Repair run started at 2023-01-10 13:37:46+0100\\", \\"resource\\": \\"std::AgentConfig[internal,agentname=localhost],v=1\\", \\"deploy_id\\": \\"571ec8a8-17e3-4e32-9a34-4eb431ad7b3c\\"}, \\"timestamp\\": \\"2023-01-10T13:37:48.645598+01:00\\"}","{\\"msg\\": \\"Start deploy 571ec8a8-17e3-4e32-9a34-4eb431ad7b3c of resource std::AgentConfig[internal,agentname=localhost],v=1\\", \\"args\\": [], \\"level\\": \\"DEBUG\\", \\"kwargs\\": {\\"deploy_id\\": \\"571ec8a8-17e3-4e32-9a34-4eb431ad7b3c\\", \\"resource_id\\": {\\"version\\": 1, \\"attribute\\": \\"agentname\\", \\"agent_name\\": \\"internal\\", \\"entity_type\\": \\"std::AgentConfig\\", \\"attribute_value\\": \\"localhost\\"}}, \\"timestamp\\": \\"2023-01-10T13:37:48.651172+01:00\\"}","{\\"msg\\": \\"Calling read_resource\\", \\"args\\": [], \\"level\\": \\"DEBUG\\", \\"kwargs\\": {}, \\"timestamp\\": \\"2023-01-10T13:37:48.652527+01:00\\"}","{\\"msg\\": \\"Calling create_resource\\", \\"args\\": [], \\"level\\": \\"DEBUG\\", \\"kwargs\\": {}, \\"timestamp\\": \\"2023-01-10T13:37:48.655296+01:00\\"}","{\\"msg\\": \\"End run for resource std::AgentConfig[internal,agentname=localhost],v=1 in deploy 571ec8a8-17e3-4e32-9a34-4eb431ad7b3c\\", \\"args\\": [], \\"level\\": \\"DEBUG\\", \\"kwargs\\": {\\"resource\\": \\"std::AgentConfig[internal,agentname=localhost],v=1\\", \\"deploy_id\\": \\"571ec8a8-17e3-4e32-9a34-4eb431ad7b3c\\"}, \\"timestamp\\": \\"2023-01-10T13:37:48.658310+01:00\\"}"}	deployed	{"std::AgentConfig[internal,agentname=localhost],v=1": {"std::AgentConfig[internal,agentname=localhost],v=1": {"current": null, "desired": null}}}	nochange	21bd846a-5adc-4836-a59e-91f2155e5bf1	1	{"std::AgentConfig[internal,agentname=localhost],v=1"}
4a831e64-206a-44ba-afb9-65153521e672	pull	2023-01-10 13:37:49.676384+01	2023-01-10 13:37:50.209781+01	{"{\\"msg\\": \\"Resource version pulled by client for agent localhost state\\", \\"args\\": [], \\"level\\": \\"INFO\\", \\"kwargs\\": {\\"agent\\": \\"localhost\\"}, \\"timestamp\\": \\"2023-01-10T13:37:50.209790+01:00\\"}"}	\N	\N	\N	21bd846a-5adc-4836-a59e-91f2155e5bf1	1	{"std::File[localhost,path=/tmp/test],v=1"}
cb3c73de-b2cf-4800-a40b-8b13a2ca4b4c	deploy	2023-01-10 13:37:50.793635+01	2023-01-10 13:37:50.80134+01	{"{\\"msg\\": \\"Start run for resource std::File[localhost,path=/tmp/test],v=1 because Repair run started at 2023-01-10 13:37:49+0100\\", \\"args\\": [], \\"level\\": \\"DEBUG\\", \\"kwargs\\": {\\"agent\\": \\"localhost\\", \\"reason\\": \\"Repair run started at 2023-01-10 13:37:49+0100\\", \\"resource\\": \\"std::File[localhost,path=/tmp/test],v=1\\", \\"deploy_id\\": \\"c87e48e8-8d99-4e3c-95e0-41afb7de0c4f\\"}, \\"timestamp\\": \\"2023-01-10T13:37:50.791506+01:00\\"}","{\\"msg\\": \\"Start deploy c87e48e8-8d99-4e3c-95e0-41afb7de0c4f of resource std::File[localhost,path=/tmp/test],v=1\\", \\"args\\": [], \\"level\\": \\"DEBUG\\", \\"kwargs\\": {\\"deploy_id\\": \\"c87e48e8-8d99-4e3c-95e0-41afb7de0c4f\\", \\"resource_id\\": {\\"version\\": 1, \\"attribute\\": \\"path\\", \\"agent_name\\": \\"localhost\\", \\"entity_type\\": \\"std::File\\", \\"attribute_value\\": \\"/tmp/test\\"}}, \\"timestamp\\": \\"2023-01-10T13:37:50.795678+01:00\\"}","{\\"msg\\": \\"Calling read_resource\\", \\"args\\": [], \\"level\\": \\"DEBUG\\", \\"kwargs\\": {}, \\"timestamp\\": \\"2023-01-10T13:37:50.796449+01:00\\"}","{\\"msg\\": \\"Calling create_resource\\", \\"args\\": [], \\"level\\": \\"DEBUG\\", \\"kwargs\\": {}, \\"timestamp\\": \\"2023-01-10T13:37:50.796598+01:00\\"}","{\\"msg\\": \\"An error occurred during deployment of std::File[localhost,path=/tmp/test],v=1 (exception: PermissionError('[Errno 1] Operation not permitted: '/tmp/test''))\\", \\"args\\": [], \\"level\\": \\"ERROR\\", \\"kwargs\\": {\\"exc_info\\": true, \\"exception\\": \\"PermissionError('[Errno 1] Operation not permitted: '/tmp/test'')\\", \\"traceback\\": \\"Traceback (most recent call last):\\\\n  File \\\\\\"/home/florent/Desktop/inmanta-core/src/inmanta/agent/handler.py\\\\\\", line 929, in execute\\\\n    self.create_resource(ctx, desired)\\\\n  File \\\\\\"/tmp/tmp459tiedo/21bd846a-5adc-4836-a59e-91f2155e5bf1/agent/code/modules/std/plugins/resources/__init__.py\\\\\\", line 193, in create_resource\\\\n    self._io.chown(resource.path, resource.owner, resource.group)\\\\n  File \\\\\\"/home/florent/Desktop/inmanta-core/src/inmanta/agent/io/local.py\\\\\\", line 605, in chown\\\\n    os.chown(path, _user, _group)\\\\nPermissionError: [Errno 1] Operation not permitted: '/tmp/test'\\\\n\\", \\"resource_id\\": {\\"version\\": 1, \\"attribute\\": \\"path\\", \\"agent_name\\": \\"localhost\\", \\"entity_type\\": \\"std::File\\", \\"attribute_value\\": \\"/tmp/test\\"}}, \\"timestamp\\": \\"2023-01-10T13:37:50.798868+01:00\\"}","{\\"msg\\": \\"End run for resource std::File[localhost,path=/tmp/test],v=1 in deploy c87e48e8-8d99-4e3c-95e0-41afb7de0c4f\\", \\"args\\": [], \\"level\\": \\"DEBUG\\", \\"kwargs\\": {\\"resource\\": \\"std::File[localhost,path=/tmp/test],v=1\\", \\"deploy_id\\": \\"c87e48e8-8d99-4e3c-95e0-41afb7de0c4f\\"}, \\"timestamp\\": \\"2023-01-10T13:37:50.799103+01:00\\"}"}	failed	{"std::File[localhost,path=/tmp/test],v=1": {"std::File[localhost,path=/tmp/test],v=1": {"current": null, "desired": null}}}	nochange	21bd846a-5adc-4836-a59e-91f2155e5bf1	1	{"std::File[localhost,path=/tmp/test],v=1"}
e7f78025-7a35-49fb-9b15-c45d91d33af5	store	2023-01-10 13:38:02.055556+01	2023-01-10 13:38:02.057159+01	{"{\\"msg\\": \\"Successfully stored version 2\\", \\"args\\": [], \\"level\\": \\"INFO\\", \\"kwargs\\": {\\"version\\": 2}, \\"timestamp\\": \\"2023-01-10T13:38:02.057170+01:00\\"}"}	\N	\N	\N	21bd846a-5adc-4836-a59e-91f2155e5bf1	2	{"std::File[localhost,path=/tmp/test],v=2","std::AgentConfig[internal,agentname=localhost],v=2"}
8475651e-6150-4cba-aa51-466b607d252c	pull	2023-01-10 13:38:02.066756+01	2023-01-10 13:38:02.06873+01	{"{\\"msg\\": \\"Resource version pulled by client for agent localhost state\\", \\"args\\": [], \\"level\\": \\"INFO\\", \\"kwargs\\": {\\"agent\\": \\"localhost\\"}, \\"timestamp\\": \\"2023-01-10T13:38:02.069587+01:00\\"}"}	\N	\N	\N	21bd846a-5adc-4836-a59e-91f2155e5bf1	2	{"std::File[localhost,path=/tmp/test],v=2"}
70061035-0008-4819-ac76-10dc02de447c	deploy	2023-01-10 13:38:02.068882+01	2023-01-10 13:38:02.068882+01	{"{\\"msg\\": \\"Setting deployed due to known good status\\", \\"args\\": [], \\"level\\": \\"INFO\\", \\"timestamp\\": \\"2023-01-10T12:38:02.068882+00:00\\"}"}	deployed	\N	nochange	21bd846a-5adc-4836-a59e-91f2155e5bf1	2	{"std::AgentConfig[internal,agentname=localhost],v=2"}
3c2148a0-c951-42f7-aeb1-f1d8f7dcbe15	pull	2023-01-10 13:38:02.178535+01	2023-01-10 13:38:02.180439+01	{"{\\"msg\\": \\"Resource version pulled by client for agent localhost state\\", \\"args\\": [], \\"level\\": \\"INFO\\", \\"kwargs\\": {\\"agent\\": \\"localhost\\"}, \\"timestamp\\": \\"2023-01-10T13:38:02.180447+01:00\\"}"}	\N	\N	\N	21bd846a-5adc-4836-a59e-91f2155e5bf1	2	{"std::File[localhost,path=/tmp/test],v=2"}
cce9222e-5b94-465c-bbba-f51565221c9d	deploy	2023-01-10 13:38:02.185302+01	2023-01-10 13:38:02.193113+01	{"{\\"msg\\": \\"Start run for resource std::File[localhost,path=/tmp/test],v=2 because call to trigger_update\\", \\"args\\": [], \\"level\\": \\"DEBUG\\", \\"kwargs\\": {\\"agent\\": \\"localhost\\", \\"reason\\": \\"call to trigger_update\\", \\"resource\\": \\"std::File[localhost,path=/tmp/test],v=2\\", \\"deploy_id\\": \\"4de36131-4116-4dc5-8256-99a410092eb8\\"}, \\"timestamp\\": \\"2023-01-10T13:38:02.180370+01:00\\"}","{\\"msg\\": \\"Start deploy 4de36131-4116-4dc5-8256-99a410092eb8 of resource std::File[localhost,path=/tmp/test],v=2\\", \\"args\\": [], \\"level\\": \\"DEBUG\\", \\"kwargs\\": {\\"deploy_id\\": \\"4de36131-4116-4dc5-8256-99a410092eb8\\", \\"resource_id\\": {\\"version\\": 2, \\"attribute\\": \\"path\\", \\"agent_name\\": \\"localhost\\", \\"entity_type\\": \\"std::File\\", \\"attribute_value\\": \\"/tmp/test\\"}}, \\"timestamp\\": \\"2023-01-10T13:38:02.187197+01:00\\"}","{\\"msg\\": \\"Calling read_resource\\", \\"args\\": [], \\"level\\": \\"DEBUG\\", \\"kwargs\\": {}, \\"timestamp\\": \\"2023-01-10T13:38:02.188038+01:00\\"}","{\\"msg\\": \\"Calling update_resource\\", \\"args\\": [], \\"level\\": \\"DEBUG\\", \\"kwargs\\": {\\"changes\\": {\\"group\\": {\\"current\\": \\"florent\\", \\"desired\\": \\"root\\"}, \\"owner\\": {\\"current\\": \\"florent\\", \\"desired\\": \\"root\\"}}}, \\"timestamp\\": \\"2023-01-10T13:38:02.189775+01:00\\"}","{\\"msg\\": \\"An error occurred during deployment of std::File[localhost,path=/tmp/test],v=2 (exception: PermissionError('[Errno 1] Operation not permitted: '/tmp/test''))\\", \\"args\\": [], \\"level\\": \\"ERROR\\", \\"kwargs\\": {\\"exc_info\\": true, \\"exception\\": \\"PermissionError('[Errno 1] Operation not permitted: '/tmp/test'')\\", \\"traceback\\": \\"Traceback (most recent call last):\\\\n  File \\\\\\"/home/florent/Desktop/inmanta-core/src/inmanta/agent/handler.py\\\\\\", line 936, in execute\\\\n    self.update_resource(ctx, dict(changes), desired)\\\\n  File \\\\\\"/tmp/tmp459tiedo/21bd846a-5adc-4836-a59e-91f2155e5bf1/agent/code/modules/std/plugins/resources/__init__.py\\\\\\", line 221, in update_resource\\\\n    self._io.chown(resource.path, resource.owner, resource.group)\\\\n  File \\\\\\"/home/florent/Desktop/inmanta-core/src/inmanta/agent/io/local.py\\\\\\", line 605, in chown\\\\n    os.chown(path, _user, _group)\\\\nPermissionError: [Errno 1] Operation not permitted: '/tmp/test'\\\\n\\", \\"resource_id\\": {\\"version\\": 2, \\"attribute\\": \\"path\\", \\"agent_name\\": \\"localhost\\", \\"entity_type\\": \\"std::File\\", \\"attribute_value\\": \\"/tmp/test\\"}}, \\"timestamp\\": \\"2023-01-10T13:38:02.190011+01:00\\"}","{\\"msg\\": \\"End run for resource std::File[localhost,path=/tmp/test],v=2 in deploy 4de36131-4116-4dc5-8256-99a410092eb8\\", \\"args\\": [], \\"level\\": \\"DEBUG\\", \\"kwargs\\": {\\"resource\\": \\"std::File[localhost,path=/tmp/test],v=2\\", \\"deploy_id\\": \\"4de36131-4116-4dc5-8256-99a410092eb8\\"}, \\"timestamp\\": \\"2023-01-10T13:38:02.190244+01:00\\"}"}	failed	{"std::File[localhost,path=/tmp/test],v=2": {"std::File[localhost,path=/tmp/test],v=2": {"current": null, "desired": null}}}	nochange	21bd846a-5adc-4836-a59e-91f2155e5bf1	2	{"std::File[localhost,path=/tmp/test],v=2"}
afaa2a0d-46da-4b97-9c03-c0a0fcb7d8a6	deploy	2023-01-10 13:38:02.197986+01	2023-01-10 13:38:02.204579+01	{"{\\"msg\\": \\"Start run for resource std::File[localhost,path=/tmp/test],v=2 because call to trigger_update\\", \\"args\\": [], \\"level\\": \\"DEBUG\\", \\"kwargs\\": {\\"agent\\": \\"localhost\\", \\"reason\\": \\"call to trigger_update\\", \\"resource\\": \\"std::File[localhost,path=/tmp/test],v=2\\", \\"deploy_id\\": \\"a52f7194-06b8-40dd-8165-5cb533b89a23\\"}, \\"timestamp\\": \\"2023-01-10T13:38:02.196011+01:00\\"}","{\\"msg\\": \\"Start deploy a52f7194-06b8-40dd-8165-5cb533b89a23 of resource std::File[localhost,path=/tmp/test],v=2\\", \\"args\\": [], \\"level\\": \\"DEBUG\\", \\"kwargs\\": {\\"deploy_id\\": \\"a52f7194-06b8-40dd-8165-5cb533b89a23\\", \\"resource_id\\": {\\"version\\": 2, \\"attribute\\": \\"path\\", \\"agent_name\\": \\"localhost\\", \\"entity_type\\": \\"std::File\\", \\"attribute_value\\": \\"/tmp/test\\"}}, \\"timestamp\\": \\"2023-01-10T13:38:02.199349+01:00\\"}","{\\"msg\\": \\"Calling read_resource\\", \\"args\\": [], \\"level\\": \\"DEBUG\\", \\"kwargs\\": {}, \\"timestamp\\": \\"2023-01-10T13:38:02.199931+01:00\\"}","{\\"msg\\": \\"Calling update_resource\\", \\"args\\": [], \\"level\\": \\"DEBUG\\", \\"kwargs\\": {\\"changes\\": {\\"group\\": {\\"current\\": \\"florent\\", \\"desired\\": \\"root\\"}, \\"owner\\": {\\"current\\": \\"florent\\", \\"desired\\": \\"root\\"}}}, \\"timestamp\\": \\"2023-01-10T13:38:02.201769+01:00\\"}","{\\"msg\\": \\"An error occurred during deployment of std::File[localhost,path=/tmp/test],v=2 (exception: PermissionError('[Errno 1] Operation not permitted: '/tmp/test''))\\", \\"args\\": [], \\"level\\": \\"ERROR\\", \\"kwargs\\": {\\"exc_info\\": true, \\"exception\\": \\"PermissionError('[Errno 1] Operation not permitted: '/tmp/test'')\\", \\"traceback\\": \\"Traceback (most recent call last):\\\\n  File \\\\\\"/home/florent/Desktop/inmanta-core/src/inmanta/agent/handler.py\\\\\\", line 936, in execute\\\\n    self.update_resource(ctx, dict(changes), desired)\\\\n  File \\\\\\"/tmp/tmp459tiedo/21bd846a-5adc-4836-a59e-91f2155e5bf1/agent/code/modules/std/plugins/resources/__init__.py\\\\\\", line 221, in update_resource\\\\n    self._io.chown(resource.path, resource.owner, resource.group)\\\\n  File \\\\\\"/home/florent/Desktop/inmanta-core/src/inmanta/agent/io/local.py\\\\\\", line 605, in chown\\\\n    os.chown(path, _user, _group)\\\\nPermissionError: [Errno 1] Operation not permitted: '/tmp/test'\\\\n\\", \\"resource_id\\": {\\"version\\": 2, \\"attribute\\": \\"path\\", \\"agent_name\\": \\"localhost\\", \\"entity_type\\": \\"std::File\\", \\"attribute_value\\": \\"/tmp/test\\"}}, \\"timestamp\\": \\"2023-01-10T13:38:02.201951+01:00\\"}","{\\"msg\\": \\"End run for resource std::File[localhost,path=/tmp/test],v=2 in deploy a52f7194-06b8-40dd-8165-5cb533b89a23\\", \\"args\\": [], \\"level\\": \\"DEBUG\\", \\"kwargs\\": {\\"resource\\": \\"std::File[localhost,path=/tmp/test],v=2\\", \\"deploy_id\\": \\"a52f7194-06b8-40dd-8165-5cb533b89a23\\"}, \\"timestamp\\": \\"2023-01-10T13:38:02.202143+01:00\\"}"}	failed	{"std::File[localhost,path=/tmp/test],v=2": {"std::File[localhost,path=/tmp/test],v=2": {"current": null, "desired": null}}}	nochange	21bd846a-5adc-4836-a59e-91f2155e5bf1	2	{"std::File[localhost,path=/tmp/test],v=2"}
\.


--
-- Data for Name: resourceaction_resource; Type: TABLE DATA; Schema: public; Owner: -
--

COPY public.resourceaction_resource (environment, resource_action_id, resource_id, resource_version) FROM stdin;
21bd846a-5adc-4836-a59e-91f2155e5bf1	191ef927-1753-47b5-9711-458087fcf5a4	std::File[localhost,path=/tmp/test]	1
21bd846a-5adc-4836-a59e-91f2155e5bf1	191ef927-1753-47b5-9711-458087fcf5a4	std::AgentConfig[internal,agentname=localhost]	1
21bd846a-5adc-4836-a59e-91f2155e5bf1	7c9e7fb1-a1e6-46d1-8473-8e30b6f9b6ca	std::AgentConfig[internal,agentname=localhost]	1
21bd846a-5adc-4836-a59e-91f2155e5bf1	3972e319-2e64-4370-badb-e010fbc77f2f	std::AgentConfig[internal,agentname=localhost]	1
21bd846a-5adc-4836-a59e-91f2155e5bf1	4a831e64-206a-44ba-afb9-65153521e672	std::File[localhost,path=/tmp/test]	1
21bd846a-5adc-4836-a59e-91f2155e5bf1	cb3c73de-b2cf-4800-a40b-8b13a2ca4b4c	std::File[localhost,path=/tmp/test]	1
21bd846a-5adc-4836-a59e-91f2155e5bf1	e7f78025-7a35-49fb-9b15-c45d91d33af5	std::File[localhost,path=/tmp/test]	2
21bd846a-5adc-4836-a59e-91f2155e5bf1	e7f78025-7a35-49fb-9b15-c45d91d33af5	std::AgentConfig[internal,agentname=localhost]	2
21bd846a-5adc-4836-a59e-91f2155e5bf1	8475651e-6150-4cba-aa51-466b607d252c	std::File[localhost,path=/tmp/test]	2
21bd846a-5adc-4836-a59e-91f2155e5bf1	70061035-0008-4819-ac76-10dc02de447c	std::AgentConfig[internal,agentname=localhost]	2
21bd846a-5adc-4836-a59e-91f2155e5bf1	3c2148a0-c951-42f7-aeb1-f1d8f7dcbe15	std::File[localhost,path=/tmp/test]	2
21bd846a-5adc-4836-a59e-91f2155e5bf1	cce9222e-5b94-465c-bbba-f51565221c9d	std::File[localhost,path=/tmp/test]	2
21bd846a-5adc-4836-a59e-91f2155e5bf1	afaa2a0d-46da-4b97-9c03-c0a0fcb7d8a6	std::File[localhost,path=/tmp/test]	2
\.


--
-- Data for Name: schemamanager; Type: TABLE DATA; Schema: public; Owner: -
--

COPY public.schemamanager (name, legacy_version, installed_versions) FROM stdin;
core	\N	{1,2,3,4,5,6,7,17,202105170,202106080,202106210,202109100,202111260,202203140,202203160,202205250,202206290,202208180,202208190,202209090,202209130,202209160,202211230,202212010,202301100}
\.


--
-- Data for Name: unknownparameter; Type: TABLE DATA; Schema: public; Owner: -
--

COPY public.unknownparameter (id, name, environment, source, resource_id, version, metadata, resolved) FROM stdin;
\.


--
-- Name: agent agent_pkey; Type: CONSTRAINT; Schema: public; Owner: -
--

ALTER TABLE ONLY public.agent
    ADD CONSTRAINT agent_pkey PRIMARY KEY (environment, name);


--
-- Name: agentinstance agentinstance_pkey; Type: CONSTRAINT; Schema: public; Owner: -
--

ALTER TABLE ONLY public.agentinstance
    ADD CONSTRAINT agentinstance_pkey PRIMARY KEY (id);


--
-- Name: agentinstance agentinstance_unique; Type: CONSTRAINT; Schema: public; Owner: -
--

ALTER TABLE ONLY public.agentinstance
    ADD CONSTRAINT agentinstance_unique UNIQUE (tid, process, name);


--
-- Name: agentprocess agentprocess_pkey; Type: CONSTRAINT; Schema: public; Owner: -
--

ALTER TABLE ONLY public.agentprocess
    ADD CONSTRAINT agentprocess_pkey PRIMARY KEY (sid);


--
-- Name: code code_pkey; Type: CONSTRAINT; Schema: public; Owner: -
--

ALTER TABLE ONLY public.code
    ADD CONSTRAINT code_pkey PRIMARY KEY (environment, version, resource);


--
-- Name: compile compile_pkey; Type: CONSTRAINT; Schema: public; Owner: -
--

ALTER TABLE ONLY public.compile
    ADD CONSTRAINT compile_pkey PRIMARY KEY (id);


--
-- Name: configurationmodel configurationmodel_pkey; Type: CONSTRAINT; Schema: public; Owner: -
--

ALTER TABLE ONLY public.configurationmodel
    ADD CONSTRAINT configurationmodel_pkey PRIMARY KEY (environment, version);


--
-- Name: dryrun dryrun_pkey; Type: CONSTRAINT; Schema: public; Owner: -
--

ALTER TABLE ONLY public.dryrun
    ADD CONSTRAINT dryrun_pkey PRIMARY KEY (id);


--
-- Name: environment environment_pkey; Type: CONSTRAINT; Schema: public; Owner: -
--

ALTER TABLE ONLY public.environment
    ADD CONSTRAINT environment_pkey PRIMARY KEY (id);


--
-- Name: environmentmetricsgauge environmentmetricsgauge_pkey; Type: CONSTRAINT; Schema: public; Owner: -
--

ALTER TABLE ONLY public.environmentmetricsgauge
    ADD CONSTRAINT environmentmetricsgauge_pkey PRIMARY KEY (environment, metric_name, grouped_by, "timestamp");


--
-- Name: environmentmetricstimer environmentmetricstimer_pkey; Type: CONSTRAINT; Schema: public; Owner: -
--

ALTER TABLE ONLY public.environmentmetricstimer
    ADD CONSTRAINT environmentmetricstimer_pkey PRIMARY KEY (environment, metric_name, grouped_by, "timestamp");


--
-- Name: notification notification_pkey; Type: CONSTRAINT; Schema: public; Owner: -
--

ALTER TABLE ONLY public.notification
    ADD CONSTRAINT notification_pkey PRIMARY KEY (environment, id);


--
-- Name: parameter parameter_pkey; Type: CONSTRAINT; Schema: public; Owner: -
--

ALTER TABLE ONLY public.parameter
    ADD CONSTRAINT parameter_pkey PRIMARY KEY (id);


--
-- Name: project project_name_key; Type: CONSTRAINT; Schema: public; Owner: -
--

ALTER TABLE ONLY public.project
    ADD CONSTRAINT project_name_key UNIQUE (name);


--
-- Name: project project_pkey; Type: CONSTRAINT; Schema: public; Owner: -
--

ALTER TABLE ONLY public.project
    ADD CONSTRAINT project_pkey PRIMARY KEY (id);


--
-- Name: report report_pkey; Type: CONSTRAINT; Schema: public; Owner: -
--

ALTER TABLE ONLY public.report
    ADD CONSTRAINT report_pkey PRIMARY KEY (id);


--
-- Name: resource resource_pkey; Type: CONSTRAINT; Schema: public; Owner: -
--

ALTER TABLE ONLY public.resource
    ADD CONSTRAINT resource_pkey PRIMARY KEY (environment, model, resource_id);


--
-- Name: resourceaction resourceaction_pkey; Type: CONSTRAINT; Schema: public; Owner: -
--

ALTER TABLE ONLY public.resourceaction
    ADD CONSTRAINT resourceaction_pkey PRIMARY KEY (action_id);


--
-- Name: resourceaction_resource resourceaction_resource_pkey; Type: CONSTRAINT; Schema: public; Owner: -
--

ALTER TABLE ONLY public.resourceaction_resource
    ADD CONSTRAINT resourceaction_resource_pkey PRIMARY KEY (environment, resource_id, resource_version, resource_action_id);


--
-- Name: schemamanager schemamanager_pkey; Type: CONSTRAINT; Schema: public; Owner: -
--

ALTER TABLE ONLY public.schemamanager
    ADD CONSTRAINT schemamanager_pkey PRIMARY KEY (name);


--
-- Name: unknownparameter unknownparameter_pkey; Type: CONSTRAINT; Schema: public; Owner: -
--

ALTER TABLE ONLY public.unknownparameter
    ADD CONSTRAINT unknownparameter_pkey PRIMARY KEY (id);


--
-- Name: agent_id_primary_index; Type: INDEX; Schema: public; Owner: -
--

CREATE INDEX agent_id_primary_index ON public.agent USING btree (id_primary) WHERE (id_primary IS NULL);


--
-- Name: agentinstance_expired_index; Type: INDEX; Schema: public; Owner: -
--

CREATE INDEX agentinstance_expired_index ON public.agentinstance USING btree (expired) WHERE (expired IS NULL);


--
-- Name: agentinstance_expired_tid_endpoint_index; Type: INDEX; Schema: public; Owner: -
--

CREATE INDEX agentinstance_expired_tid_endpoint_index ON public.agentinstance USING btree (tid, name, expired);


--
-- Name: agentinstance_process_index; Type: INDEX; Schema: public; Owner: -
--

CREATE INDEX agentinstance_process_index ON public.agentinstance USING btree (process);


--
-- Name: agentprocess_env_expired_index; Type: INDEX; Schema: public; Owner: -
--

CREATE INDEX agentprocess_env_expired_index ON public.agentprocess USING btree (environment, expired);


--
-- Name: agentprocess_env_hostname_expired_index; Type: INDEX; Schema: public; Owner: -
--

CREATE INDEX agentprocess_env_hostname_expired_index ON public.agentprocess USING btree (environment, hostname, expired);


--
-- Name: agentprocess_expired_index; Type: INDEX; Schema: public; Owner: -
--

CREATE INDEX agentprocess_expired_index ON public.agentprocess USING btree (expired) WHERE (expired IS NULL);


--
-- Name: agentprocess_sid_expired_index; Type: INDEX; Schema: public; Owner: -
--

CREATE UNIQUE INDEX agentprocess_sid_expired_index ON public.agentprocess USING btree (sid, expired);


--
-- Name: compile_env_remote_id_index; Type: INDEX; Schema: public; Owner: -
--

CREATE INDEX compile_env_remote_id_index ON public.compile USING btree (environment, remote_id);


--
-- Name: compile_env_requested_index; Type: INDEX; Schema: public; Owner: -
--

CREATE INDEX compile_env_requested_index ON public.compile USING btree (environment, requested);


--
-- Name: compile_env_started_index; Type: INDEX; Schema: public; Owner: -
--

CREATE INDEX compile_env_started_index ON public.compile USING btree (environment, started DESC);


--
-- Name: configurationmodel_env_released_version_index; Type: INDEX; Schema: public; Owner: -
--

CREATE UNIQUE INDEX configurationmodel_env_released_version_index ON public.configurationmodel USING btree (environment, released, version DESC);


--
-- Name: configurationmodel_env_version_total_index; Type: INDEX; Schema: public; Owner: -
--

CREATE UNIQUE INDEX configurationmodel_env_version_total_index ON public.configurationmodel USING btree (environment, version DESC, total);


--
-- Name: dryrun_env_model_index; Type: INDEX; Schema: public; Owner: -
--

CREATE INDEX dryrun_env_model_index ON public.dryrun USING btree (environment, model);


--
-- Name: environment_name_project_index; Type: INDEX; Schema: public; Owner: -
--

CREATE UNIQUE INDEX environment_name_project_index ON public.environment USING btree (project, name);


--
-- Name: notification_env_created_id_index; Type: INDEX; Schema: public; Owner: -
--

CREATE INDEX notification_env_created_id_index ON public.notification USING btree (environment, created DESC, id);


--
-- Name: parameter_env_name_resource_id_index; Type: INDEX; Schema: public; Owner: -
--

CREATE INDEX parameter_env_name_resource_id_index ON public.parameter USING btree (environment, name, resource_id);


--
-- Name: parameter_metadata_index; Type: INDEX; Schema: public; Owner: -
--

CREATE INDEX parameter_metadata_index ON public.parameter USING gin (metadata jsonb_path_ops);


--
-- Name: parameter_updated_index; Type: INDEX; Schema: public; Owner: -
--

CREATE INDEX parameter_updated_index ON public.parameter USING btree (updated);


--
-- Name: report_compile_index; Type: INDEX; Schema: public; Owner: -
--

CREATE INDEX report_compile_index ON public.report USING btree (compile);


--
-- Name: resource_attributes_index; Type: INDEX; Schema: public; Owner: -
--

CREATE INDEX resource_attributes_index ON public.resource USING gin (attributes jsonb_path_ops);


--
-- Name: resource_env_attr_hash_index; Type: INDEX; Schema: public; Owner: -
--

CREATE INDEX resource_env_attr_hash_index ON public.resource USING btree (environment, attribute_hash);


--
-- Name: resource_env_model_agent_index; Type: INDEX; Schema: public; Owner: -
--

CREATE INDEX resource_env_model_agent_index ON public.resource USING btree (environment, model, agent);


--
-- Name: resource_env_resourceid_index; Type: INDEX; Schema: public; Owner: -
--

CREATE UNIQUE INDEX resource_env_resourceid_index ON public.resource USING btree (environment, resource_id, model DESC);


--
-- Name: resource_environment_resource_id_value_index; Type: INDEX; Schema: public; Owner: -
--

CREATE INDEX resource_environment_resource_id_value_index ON public.resource USING btree (environment, resource_id_value);


--
-- Name: resource_environment_resource_type_index; Type: INDEX; Schema: public; Owner: -
--

CREATE INDEX resource_environment_resource_type_index ON public.resource USING btree (environment, resource_type);


--
-- Name: resourceaction_environment_action_started_index; Type: INDEX; Schema: public; Owner: -
--

CREATE INDEX resourceaction_environment_action_started_index ON public.resourceaction USING btree (environment, action, started DESC);


--
-- Name: resourceaction_environment_version_started_index; Type: INDEX; Schema: public; Owner: -
--

CREATE INDEX resourceaction_environment_version_started_index ON public.resourceaction USING btree (environment, version, started DESC);


--
-- Name: resourceaction_started_index; Type: INDEX; Schema: public; Owner: -
--

CREATE INDEX resourceaction_started_index ON public.resourceaction USING btree (started);


--
-- Name: unknownparameter_env_version_index; Type: INDEX; Schema: public; Owner: -
--

CREATE INDEX unknownparameter_env_version_index ON public.unknownparameter USING btree (environment, version);


--
-- Name: unknownparameter_resolved_index; Type: INDEX; Schema: public; Owner: -
--

CREATE INDEX unknownparameter_resolved_index ON public.unknownparameter USING btree (resolved);


--
-- Name: agent agent_environment_fkey; Type: FK CONSTRAINT; Schema: public; Owner: -
--

ALTER TABLE ONLY public.agent
    ADD CONSTRAINT agent_environment_fkey FOREIGN KEY (environment) REFERENCES public.environment(id) ON DELETE CASCADE;


--
-- Name: agent agent_id_primary_fkey; Type: FK CONSTRAINT; Schema: public; Owner: -
--

ALTER TABLE ONLY public.agent
    ADD CONSTRAINT agent_id_primary_fkey FOREIGN KEY (id_primary) REFERENCES public.agentinstance(id) ON DELETE RESTRICT;


--
-- Name: agentinstance agentinstance_process_fkey; Type: FK CONSTRAINT; Schema: public; Owner: -
--

ALTER TABLE ONLY public.agentinstance
    ADD CONSTRAINT agentinstance_process_fkey FOREIGN KEY (process) REFERENCES public.agentprocess(sid) ON DELETE CASCADE;


--
-- Name: agentprocess agentprocess_environment_fkey; Type: FK CONSTRAINT; Schema: public; Owner: -
--

ALTER TABLE ONLY public.agentprocess
    ADD CONSTRAINT agentprocess_environment_fkey FOREIGN KEY (environment) REFERENCES public.environment(id) ON DELETE CASCADE;


--
-- Name: code code_environment_fkey; Type: FK CONSTRAINT; Schema: public; Owner: -
--

ALTER TABLE ONLY public.code
    ADD CONSTRAINT code_environment_fkey FOREIGN KEY (environment) REFERENCES public.environment(id) ON DELETE CASCADE;


--
-- Name: compile compile_environment_fkey; Type: FK CONSTRAINT; Schema: public; Owner: -
--

ALTER TABLE ONLY public.compile
    ADD CONSTRAINT compile_environment_fkey FOREIGN KEY (environment) REFERENCES public.environment(id) ON DELETE CASCADE;


--
-- Name: compile compile_substitute_compile_id_fkey; Type: FK CONSTRAINT; Schema: public; Owner: -
--

ALTER TABLE ONLY public.compile
    ADD CONSTRAINT compile_substitute_compile_id_fkey FOREIGN KEY (substitute_compile_id) REFERENCES public.compile(id) ON DELETE CASCADE;


--
-- Name: configurationmodel configurationmodel_environment_fkey; Type: FK CONSTRAINT; Schema: public; Owner: -
--

ALTER TABLE ONLY public.configurationmodel
    ADD CONSTRAINT configurationmodel_environment_fkey FOREIGN KEY (environment) REFERENCES public.environment(id) ON DELETE CASCADE;


--
-- Name: dryrun dryrun_environment_model_fkey; Type: FK CONSTRAINT; Schema: public; Owner: -
--

ALTER TABLE ONLY public.dryrun
    ADD CONSTRAINT dryrun_environment_model_fkey FOREIGN KEY (environment, model) REFERENCES public.configurationmodel(environment, version) ON DELETE CASCADE;


--
-- Name: environment environment_project_fkey; Type: FK CONSTRAINT; Schema: public; Owner: -
--

ALTER TABLE ONLY public.environment
    ADD CONSTRAINT environment_project_fkey FOREIGN KEY (project) REFERENCES public.project(id) ON DELETE CASCADE;


--
-- Name: environmentmetricsgauge environmentmetricsgauge_environment_fkey; Type: FK CONSTRAINT; Schema: public; Owner: -
--

ALTER TABLE ONLY public.environmentmetricsgauge
    ADD CONSTRAINT environmentmetricsgauge_environment_fkey FOREIGN KEY (environment) REFERENCES public.environment(id) ON DELETE CASCADE;


--
-- Name: environmentmetricstimer environmentmetricstimer_environment_fkey; Type: FK CONSTRAINT; Schema: public; Owner: -
--

ALTER TABLE ONLY public.environmentmetricstimer
    ADD CONSTRAINT environmentmetricstimer_environment_fkey FOREIGN KEY (environment) REFERENCES public.environment(id) ON DELETE CASCADE;


--
-- Name: notification notification_environment_fkey; Type: FK CONSTRAINT; Schema: public; Owner: -
--

ALTER TABLE ONLY public.notification
    ADD CONSTRAINT notification_environment_fkey FOREIGN KEY (environment) REFERENCES public.environment(id) ON DELETE CASCADE;


--
-- Name: parameter parameter_environment_fkey; Type: FK CONSTRAINT; Schema: public; Owner: -
--

ALTER TABLE ONLY public.parameter
    ADD CONSTRAINT parameter_environment_fkey FOREIGN KEY (environment) REFERENCES public.environment(id) ON DELETE CASCADE;


--
-- Name: report report_compile_fkey; Type: FK CONSTRAINT; Schema: public; Owner: -
--

ALTER TABLE ONLY public.report
    ADD CONSTRAINT report_compile_fkey FOREIGN KEY (compile) REFERENCES public.compile(id) ON DELETE CASCADE;


--
-- Name: resource resource_environment_model_fkey; Type: FK CONSTRAINT; Schema: public; Owner: -
--

ALTER TABLE ONLY public.resource
    ADD CONSTRAINT resource_environment_model_fkey FOREIGN KEY (environment, model) REFERENCES public.configurationmodel(environment, version) ON DELETE CASCADE;


--
-- Name: resourceaction resourceaction_environment_version_fkey; Type: FK CONSTRAINT; Schema: public; Owner: -
--

ALTER TABLE ONLY public.resourceaction
    ADD CONSTRAINT resourceaction_environment_version_fkey FOREIGN KEY (environment, version) REFERENCES public.configurationmodel(environment, version) ON DELETE CASCADE;


--
-- Name: resourceaction_resource resourceaction_resource_environment_resource_id_resource_v_fkey; Type: FK CONSTRAINT; Schema: public; Owner: -
--

ALTER TABLE ONLY public.resourceaction_resource
    ADD CONSTRAINT resourceaction_resource_environment_resource_id_resource_v_fkey FOREIGN KEY (environment, resource_id, resource_version) REFERENCES public.resource(environment, resource_id, model) ON DELETE CASCADE;


--
-- Name: resourceaction_resource resourceaction_resource_resource_action_id_fkey; Type: FK CONSTRAINT; Schema: public; Owner: -
--

ALTER TABLE ONLY public.resourceaction_resource
    ADD CONSTRAINT resourceaction_resource_resource_action_id_fkey FOREIGN KEY (resource_action_id) REFERENCES public.resourceaction(action_id) ON DELETE CASCADE;


--
-- Name: unknownparameter unknownparameter_environment_fkey; Type: FK CONSTRAINT; Schema: public; Owner: -
--

ALTER TABLE ONLY public.unknownparameter
    ADD CONSTRAINT unknownparameter_environment_fkey FOREIGN KEY (environment) REFERENCES public.environment(id) ON DELETE CASCADE;


--
-- Name: unknownparameter unknownparameter_environment_version_fkey; Type: FK CONSTRAINT; Schema: public; Owner: -
--

ALTER TABLE ONLY public.unknownparameter
    ADD CONSTRAINT unknownparameter_environment_version_fkey FOREIGN KEY (environment, version) REFERENCES public.configurationmodel(environment, version) ON DELETE CASCADE;


--
-- PostgreSQL database dump complete
--

